USE akademija;

insert into addresses (id, country_iso, city, street, postcode)
values  (1, 'SE', 'Västerås', '9 Kipling Terrace', '721 37'),
        (2, 'PL', 'Harbutowice', '56987 Maryland Plaza', '34-212'),
        (3, 'CN', 'Shaoguan', '75 Blue Bill Park Avenue', null),
        (4, 'CN', 'Mazongling', '57 Debra Terrace', null),
        (5, 'FR', 'Bobigny', '0549 Logan Road', '93017 CEDEX'),
        (6, 'CN', 'Daye', '312 Algoma Trail', null),
        (7, 'ID', 'Tangerang', '971 Dryden Way', null),
        (8, 'BR', 'Santa Helena', '87 Pleasure Junction', '89915-000'),
        (9, 'PH', 'Malayal', '4801 Novick Avenue', '1070'),
        (10, 'MA', 'Temara', '73 Butterfield Center', null),
        (11, 'PL', 'Ochla', '3 Crescent Oaks Plaza', '65-980'),
        (12, 'RU', 'Navashino', '09170 Pond Alley', '452538'),
        (13, 'CN', 'Yingmaili', '1 Cambridge Circle', null),
        (14, 'RU', 'Kyra', '79453 Sunfield Junction', '674250'),
        (15, 'UA', 'Molodizhne', '0495 Orin Junction', null),
        (16, 'CZ', 'Nový Knín', '13 Novick Point', '262 03'),
        (17, 'PL', 'Kęsowo', '66 Fair Oaks Junction', '89-506'),
        (18, 'SY', 'As Sawdā', '938 Calypso Circle', null),
        (19, 'PT', 'Barbudo', '07503 Jackson Park', '4730-068'),
        (20, 'HR', 'Drnje', '43962 Pepper Wood Circle', '48322'),
        (21, 'GD', 'Victoria', '8 Lillian Hill', null),
        (22, 'KR', 'Hwacheon', '09992 Susan Crossing', null),
        (23, 'CA', 'North Battleford', '1223 Barnett Point', 'S9A'),
        (24, 'JP', 'Maki', '89 Johnson Street', '959-1748'),
        (25, 'CL', 'Temuco', '103 Manley Center', null),
        (26, 'PE', 'San Jacinto', '47 Charing Cross Plaza', null),
        (27, 'RS', 'Bor', '7 Farragut Park', null),
        (28, 'ID', 'Krajan Timur Mlokorejo', '86354 Veith Hill', null),
        (29, 'BR', 'Santo André', '7049 Mayfield Court', '09000-000'),
        (30, 'CN', 'Yanglong', '070 Harbort Street', null),
        (31, 'NO', 'Sandnes', '86492 Dayton Center', '4312'),
        (32, 'VE', 'Güiria', '10 Anthes Crossing', null),
        (33, 'RU', 'Urozhaynoye', '1554 Harper Court', '361215'),
        (34, 'TH', 'Chai Nat', '4 Hayes Street', '17000'),
        (35, 'GR', 'Palaiochóri', '02 Scofield Plaza', null),
        (36, 'PL', 'Miasteczko Śląskie', '8241 Homewood Pass', '42-610'),
        (37, 'PL', 'Kurzętnik', '1741 Holmberg Court', '13-306'),
        (38, 'TH', 'Wang Thonglang', '28 Stuart Circle', '52140'),
        (39, 'CN', 'Sanhe', '17501 Buhler Center', null),
        (40, 'RU', 'Kireyevsk', '1874 1st Place', '301260'),
        (41, 'CN', 'Juegang', '74388 Wayridge Hill', null),
        (42, 'KZ', 'Aral', '523 Victoria Way', null),
        (43, 'TH', 'Don Tan', '2 Veith Crossing', '49120'),
        (44, 'ID', 'Cisiih', '22 Grayhawk Terrace', null),
        (45, 'CO', 'Popayán', '688 Lindbergh Plaza', '190018'),
        (46, 'CN', 'Jimsar', '708 Iowa Drive', null),
        (47, 'US', 'Gatesville', '633 Jay Street', '76598'),
        (48, 'ID', 'Parang', '49622 Maryland Hill', null),
        (49, 'PL', 'Brzyska', '15 Vidon Circle', '38-212'),
        (50, 'BR', 'Entre Rios', '705 Talmadge Drive', '89862-000'),
        (51, 'EG', 'Sumusţā as Sulţānī', '914 Evergreen Point', null),
        (52, 'ID', 'Peranap', '1 Morning Terrace', null),
        (53, 'UG', 'Mayuge', '1 Sutteridge Drive', null),
        (54, 'CA', 'L''Épiphanie', '871 Vernon Park', 'J5X'),
        (55, 'BD', 'Bera', '0034 Ruskin Court', '6680'),
        (56, 'TH', 'Ban Phaeo', '219 Kim Point', '74120'),
        (57, 'PH', 'Payao', '901 Maywood Place', '7008'),
        (58, 'BR', 'Caculé', '264 Gale Center', '46300-000'),
        (59, 'CN', 'Dazi', '152 Warner Road', null),
        (60, 'TH', 'Pho Si Suwan', '2 Parkside Way', '31230'),
        (61, 'SE', 'Umeå', '0 Mandrake Terrace', '906 42'),
        (62, 'MM', 'Myitkyina', '0 Bartelt Alley', null),
        (63, 'ID', 'Banjarsari', '2 Basil Place', null),
        (64, 'JP', 'Miharu', '09310 Gerald Street', '839-1407'),
        (65, 'CN', 'Huangbu', '615 Service Avenue', null),
        (66, 'UA', 'Verkhnyachka', '7 Morningstar Pass', null),
        (67, 'CZ', 'Golčův Jeníkov', '848 Morning Crossing', '582 82'),
        (68, 'CN', 'Huangchuan', '619 Starling Point', null),
        (69, 'GH', 'Gbawe', '6 Oak Valley Pass', null),
        (70, 'FR', 'Aubervilliers', '73981 Thompson Road', '93321 CEDEX'),
        (71, 'GB', 'Upton', '4336 Orin Pass', 'WF9'),
        (72, 'US', 'Houston', '7699 Clemons Trail', '77240'),
        (73, 'CO', 'Yarumal', '95 Veith Park', '052038'),
        (74, 'PT', 'Santulhão', '58671 Fordem Terrace', '5230-204'),
        (75, 'ID', 'Patrol', '0250 Green Ridge Plaza', null),
        (76, 'CN', 'Dongxiang', '88769 Erie Avenue', null),
        (77, 'ID', 'Caringin', '8527 Vermont Avenue', null),
        (78, 'BR', 'Miguel Pereira', '30 Northland Lane', '26900-000'),
        (79, 'DO', 'Pizarrete', '73058 Farwell Terrace', '10608'),
        (80, 'CN', 'Xixiang', '00331 Transport Avenue', null),
        (81, 'CN', 'Sanchang', '8 Roxbury Alley', null),
        (82, 'CU', 'Sagua de Tánamo', '33 Thompson Pass', null),
        (83, 'SE', 'Stockholm', '722 Caliangt Pass', '118 55'),
        (84, 'ID', 'Laiponda', '7898 Loftsgordon Center', null),
        (85, 'PE', 'Yanahuaya', '87 Saint Paul Alley', null),
        (86, 'LK', 'Kalmunai', '78915 Morningstar Drive', '32300'),
        (87, 'RU', 'Yukhnov', '05257 Surrey Center', '249929'),
        (88, 'RU', 'Anuchino', '74803 Fairview Parkway', '692311'),
        (89, 'PL', 'Ksawerów', '80 Mallory Plaza', '95-054'),
        (90, 'UA', 'Nizhyn', '21 Acker Avenue', null),
        (91, 'DE', 'Leipzig', '6 Crownhardt Drive', '04109'),
        (92, 'NO', 'Oslo', '0 Elgar Center', '0915'),
        (93, 'CN', 'Zaindainxoi', '03065 Butternut Plaza', null),
        (94, 'PT', 'Silgueiros', '1475 Anderson Trail', '3515-626'),
        (95, 'IR', 'Dorūd', '93 Eliot Alley', null),
        (96, 'PH', 'Calaba', '0794 Eggendart Street', '2807'),
        (97, 'RU', 'Yekimovichi', '5537 Summit Alley', '216533'),
        (98, 'BG', 'Kiten', '7 Kipling Crossing', '9243'),
        (99, 'CO', 'San Juan del Cesar', '1 Springs Plaza', '444038'),
        (100, 'PL', 'Cekcyn', '7 Prairie Rose Junction', '89-511'),
        (101, 'BW', 'Lenchwe Le Tau', '16038 Carey Crossing', null),
        (102, 'RU', 'Engel’s', '16 Menomonie Junction', '413146'),
        (103, 'CN', 'Xinheng', '38113 Dakota Street', null),
        (104, 'PE', 'Taurija', '923 Lakewood Gardens Crossing', null),
        (105, 'RU', 'Kolobovo', '1115 Algoma Hill', '155933'),
        (106, 'JP', 'Otofuke', '32460 Springs Point', '463-0015'),
        (107, 'SE', 'Stockholm', '5 Carberry Way', '103 98'),
        (108, 'PT', 'Vila Pouca da Beira', '597 Mayfield Court', '3400-759'),
        (109, 'HR', 'Labin', '725 Village Green Crossing', '52220'),
        (110, 'GH', 'Duayaw Nkwanta', '50576 Moland Park', null),
        (111, 'GR', 'Áno Kastrítsion', '88945 Brickson Park Trail', null),
        (112, 'NO', 'Porsgrunn', '8477 Steensland Drive', '3930'),
        (113, 'CN', 'Wangwu', '857 Kropf Trail', null),
        (114, 'CN', 'Hebeitun', '755 Sutherland Pass', null),
        (115, 'ID', 'Mantar', '03 Manley Alley', null),
        (116, 'VN', 'Cầu Giát', '7 Esch Street', null),
        (117, 'ID', 'Partikan', '6 Lillian Point', null),
        (118, 'CN', 'Aoluguya Ewenke Minzu', '39553 Chinook Terrace', null),
        (119, 'US', 'San Antonio', '811 Parkside Park', '78265'),
        (120, 'PH', 'Gamut', '2096 Russell Junction', '8302'),
        (121, 'CU', 'Bahía Honda', '2185 Summer Ridge Park', null),
        (122, 'ID', 'Mari', '3915 Northport Plaza', null),
        (123, 'CN', 'Huquan', '9 Chinook Place', null),
        (124, 'GT', 'San Lorenzo', '0 Hoffman Crossing', '10007'),
        (125, 'ID', 'Sangari', '03 Drewry Trail', null),
        (126, 'CN', 'Cikai', '6 Lakewood Gardens Avenue', null),
        (127, 'ID', 'Tanjungbatu', '336 Lindbergh Parkway', null),
        (128, 'JP', 'Kumagaya', '3 Anzinger Crossing', '360-0016'),
        (129, 'AR', 'San Miguel de Tucumán', '1 Arapahoe Crossing', '4137'),
        (130, 'MA', 'El Hajeb', '40182 Dahle Place', null),
        (131, 'ID', 'Jatinagara', '57976 Sloan Road', null),
        (132, 'CZ', 'Herálec', '2 Donald Road', '592 01'),
        (133, 'FR', 'Hyères', '33161 Rieder Road', '83404 CEDEX'),
        (134, 'PH', 'Balayan', '291 Barby Alley', '4213'),
        (135, 'CU', 'Minas', '9 Independence Parkway', null),
        (136, 'CN', 'Dingjia', '37423 Bluestem Circle', null),
        (137, 'BR', 'Cachoeira do Sul', '071 Division Terrace', '96500-000'),
        (138, 'RS', 'Smederevo', '789 Duke Alley', null),
        (139, 'GR', 'Ávato', '6 American Crossing', null),
        (140, 'CN', 'Haishan', '47 Arkansas Circle', null),
        (141, 'CN', 'Dengjia', '37972 Rockefeller Point', null),
        (142, 'ID', 'Suruhwadang', '12 Russell Drive', null),
        (143, 'RU', 'Staronizhestebliyevskaya', '8 Schlimgen Center', '606231'),
        (144, 'PT', 'Carcavelos', '79 4th Point', '4620-031'),
        (145, 'PK', 'New Mīrpur', '4 Melby Street', '47951'),
        (146, 'AF', 'Bāmyān', '74 Elka Junction', null),
        (147, 'AF', 'Bāsawul', '15 Browning Park', null),
        (148, 'KW', 'Al Faḩāḩīl', '34 Brown Junction', null),
        (149, 'ID', 'Kebonjaya', '384 Hayes Avenue', null),
        (150, 'SE', 'Hallsberg', '053 Sherman Alley', '694 24'),
        (151, 'CO', 'Turbo', '629 Ramsey Hill', '057869'),
        (152, 'AZ', 'Bakıxanov', '6 Milwaukee Terrace', null),
        (153, 'CN', 'Lidong', '1 Vidon Parkway', null),
        (154, 'BR', 'Álvares Machado', '023 Blue Bill Park Pass', '19160-000'),
        (155, 'EC', 'Montalvo', '7 Londonderry Crossing', null),
        (156, 'ID', 'Panyingkiran', '59 Melrose Hill', null),
        (157, 'CO', 'Córdoba', '013 Hansons Pass', '523548'),
        (158, 'CN', 'Zhangpu', '4391 Monica Lane', null),
        (159, 'PL', 'Broniszewice', '23 Hanson Road', '63-304'),
        (160, 'FR', 'Lyon', '76959 John Wall Point', '69281 CEDEX 01'),
        (161, 'JO', 'Jarash', '139 Miller Crossing', null),
        (162, 'ID', 'Banjar Kubu', '676 Hermina Alley', null),
        (163, 'RU', 'Suzëmka', '6 Northport Lane', '242190'),
        (164, 'PL', 'Mircze', '556 Rockefeller Terrace', '22-530'),
        (165, 'ID', 'Plandi', '44 Del Sol Drive', null),
        (166, 'CO', 'Barbosa', '071 Springs Pass', '684517'),
        (167, 'ES', 'Gijon', '78080 Farwell Crossing', '33204'),
        (168, 'CN', 'Jinshi', '29981 Memorial Place', null),
        (169, 'CN', 'Hexia', '772 Valley Edge Drive', null),
        (170, 'PT', 'Coja', '04 Warrior Plaza', '3305-096'),
        (171, 'NG', 'Aba', '27903 Oak Street', null),
        (172, 'PE', 'Callao', '69 Longview Park', null),
        (173, 'MY', 'Kuala Lumpur', '34778 Fieldstone Plaza', '50653'),
        (174, 'CN', 'Bacheng', '654 Bunting Center', null),
        (175, 'MZ', 'Ilha de Moçambique', '62967 Pierstorff Parkway', null),
        (176, 'TJ', 'Norak', '2 5th Terrace', null),
        (177, 'MK', 'Липково', '3 Sunfield Parkway', '1325'),
        (178, 'BR', 'Guarapuava', '1315 Upham Way', '85000-000'),
        (179, 'PY', 'Colonia Neuland', '9 Kedzie Parkway', null),
        (180, 'CN', 'Huichang', '198 Barnett Street', null),
        (181, 'RU', 'Shkurinskaya', '7 Carey Junction', '352000'),
        (182, 'CZ', 'Malé Svatoňovice', '8111 Brentwood Drive', '542 34'),
        (183, 'CN', 'Gongnong', '115 Anniversary Road', null),
        (184, 'CZ', 'Bechlín', '553 Hoepker Trail', '411 86'),
        (185, 'CM', 'Bogo', '87 Vermont Place', null),
        (186, 'US', 'Alexandria', '40 Bunting Trail', '22313'),
        (187, 'CN', 'Zhukeng', '36694 Rutledge Place', null),
        (188, 'CN', 'Dawan', '0 Dawn Plaza', null),
        (189, 'TH', 'Lahan Sai', '34138 Ohio Way', '31170'),
        (190, 'JP', 'Niihama', '394 Schiller Trail', '595-0814'),
        (191, 'BR', 'Santa Luzia', '92283 New Castle Place', '58600-000'),
        (192, 'GN', 'Mandiana', '14 Riverside Plaza', null),
        (193, 'ID', 'Tajur', '39 Pond Parkway', null),
        (194, 'PH', 'Siaton', '9468 Luster Parkway', '6219'),
        (195, 'MX', 'Vicente Guerrero', '86206 Straubel Plaza', '71122'),
        (196, 'AR', 'Pérez', '2162 Brentwood Plaza', '2121'),
        (197, 'DO', 'El Pino', '480 Colorado Crossing', '10508'),
        (198, 'LY', 'Gharyan', '148 Arkansas Crossing', null),
        (199, 'MY', 'Kota Kinabalu', '2 Darwin Place', '88768'),
        (200, 'CN', 'Nanniu', '3112 Weeping Birch Junction', null),
        (201, 'AR', 'Capayán', '940 Haas Lane', '4726'),
        (202, 'CO', 'Campo de la Cruz', '02164 Fisk Plaza', '084047'),
        (203, 'KZ', 'Kachar', '95460 Caliangt Plaza', null),
        (204, 'CN', 'Majiang', '16853 American Road', null),
        (205, 'BG', 'Gotse Delchev', '63105 Sherman Way', '2971'),
        (206, 'VN', 'Tân Hưng', '22940 Florence Road', null),
        (207, 'US', 'Anchorage', '72348 Pepper Wood Place', '99599'),
        (208, 'ID', 'Pasar Kulon', '63 Maryland Street', null),
        (209, 'PH', 'Boñgalon', '07 Bowman Place', '2416'),
        (210, 'PT', 'Casal Galego', '6 Westridge Road', '2430-084'),
        (211, 'JP', 'Urayasu', '7587 Division Alley', '689-2352'),
        (212, 'WS', 'Fasito‘outa', '0 Saint Paul Crossing', null),
        (213, 'ID', 'Aengceleng', '5 West Center', null),
        (214, 'GR', 'Archángelos', '6147 Springs Place', null),
        (215, 'AR', 'Puerto Eldorado', '14657 Macpherson Court', '3382'),
        (216, 'CN', 'Huaqiao', '901 Stephen Trail', null),
        (217, 'PH', 'Lennec', '38 Sunnyside Alley', '1117'),
        (218, 'GR', 'Kalloní', '96526 Lerdahl Center', null),
        (219, 'NC', 'Fayaoué', '5 Bashford Trail', '98814'),
        (220, 'RU', 'Severnoye', '83862 International Trail', '461677'),
        (221, 'ZW', 'Kadoma', '33720 Riverside Court', null),
        (222, 'MY', 'Bandar Pusat Jengka', '183 Barnett Court', '26485'),
        (223, 'ID', 'Belung Satu', '67 Nobel Drive', null),
        (224, 'KR', 'Koesan', '58 Morrow Alley', null),
        (225, 'MK', 'Јегуновце', '8 Transport Road', '1225'),
        (226, 'AR', 'Villa Nueva', '520 6th Drive', '5903'),
        (227, 'LU', 'Leudelange', '876 Mayfield Lane', 'L-3377'),
        (228, 'BR', 'Suzano', '40132 Melvin Trail', '08600-000'),
        (229, 'RU', 'Bronnitsy', '5 Swallow Pass', '142451'),
        (230, 'CN', 'Luoxi', '3 Jenifer Drive', null),
        (231, 'TZ', 'Bagamoyo', '48014 Reindahl Junction', null),
        (232, 'BA', 'Milići', '69 Del Mar Crossing', null),
        (233, 'ZW', 'Plumtree', '097 Rieder Park', null),
        (234, 'CN', 'Dongluqiao', '06 3rd Hill', null),
        (235, 'HR', 'Slatina', '6250 Old Gate Terrace', '10346'),
        (236, 'VN', 'Mỹ Xuyên', '83 Crownhardt Pass', null),
        (237, 'AL', 'Fier-Çifçi', '141 Scott Plaza', null),
        (238, 'JP', 'Shōbu', '48181 Eastwood Way', '365-0023'),
        (239, 'ZM', 'Chibombo', '4 Ohio Crossing', null),
        (240, 'CN', 'Sanbaishan', '8 International Way', null),
        (241, 'PH', 'Banawang', '0 Mifflin Plaza', '2107'),
        (242, 'MU', 'Saint Aubin', '627 Norway Maple Avenue', null),
        (243, 'PH', 'Santa Fe', '06375 Del Mar Hill', '6513'),
        (244, 'SE', 'Kumla', '62618 Luster Crossing', '692 81'),
        (245, 'TH', 'Pom Prap Sattru Phai', '7 Carberry Parkway', '10100'),
        (246, 'BR', 'Abaetetuba', '670 Laurel Court', '68440-000'),
        (247, 'PH', 'Manquiring', '07371 Green Ridge Parkway', '7104'),
        (248, 'CN', 'Jieshou', '815 Longview Street', null),
        (249, 'PH', 'San Antonio', '50 Schlimgen Point', '6407'),
        (250, 'BR', 'Bertioga', '86 Oak Circle', '11250-000'),
        (251, 'US', 'Houston', '17394 Chinook Trail', '77095'),
        (252, 'BO', 'Tupiza', '1 Twin Pines Pass', null),
        (253, 'ID', 'Sumberan', '86802 Hoepker Point', null),
        (254, 'PH', 'Santa Teresa', '05445 Magdeline Crossing', '6417'),
        (255, 'FR', 'Levallois-Perret', '02166 Lawn Pass', '92691 CEDEX'),
        (256, 'MK', 'Sredno Konjare', '0 Waywood Drive', '1060'),
        (257, 'MY', 'Tawau', '912 Northland Road', '91010'),
        (258, 'ID', 'Warungbanten', '33 Russell Parkway', null),
        (259, 'CN', 'Shuangqiaoping', '560 Toban Drive', null),
        (260, 'FI', 'Jurva', '47 Center Road', '66301'),
        (261, 'CN', 'Qingping', '45794 Lunder Junction', null),
        (262, 'SE', 'Stockholm', '447 Hollow Ridge Avenue', '103 83'),
        (263, 'FO', 'Sørvágur', '2 Dottie Junction', '380'),
        (264, 'TH', 'Phra Yuen', '5 Wayridge Place', '40320'),
        (265, 'EG', 'Al Minyā', '167 Lindbergh Place', null),
        (266, 'SE', 'Båstad', '2994 Blackbird Road', '269 42'),
        (267, 'VE', 'El Corozo', '604 Forest Dale Trail', null),
        (268, 'BR', 'Indaiatuba', '11880 Sutteridge Alley', '13330-000'),
        (269, 'KE', 'Marsabit', '9989 Claremont Trail', null),
        (270, 'RU', 'Bayangol', '31 Raven Park', '671945'),
        (271, 'SE', 'Västervik', '849 Cordelia Center', '593 30'),
        (272, 'PT', 'Mozelos', '33 Village Green Road', '4535-160'),
        (273, 'BR', 'Videira', '16 Golf Course Parkway', '89560-000'),
        (274, 'ID', 'Jatirogo', '4905 Arizona Avenue', null),
        (275, 'GR', 'Archángelos', '1 Dapin Drive', null),
        (276, 'BR', 'Escada', '76 Sheridan Avenue', '55500-000'),
        (277, 'ID', 'Arjawinangun', '7 Meadow Valley Point', null),
        (278, 'AL', 'Bradashesh', '373 Grayhawk Crossing', null),
        (279, 'CN', 'Liren', '4 Doe Crossing Terrace', null),
        (280, 'CR', 'San Vicente', '54500 Cottonwood Park', '11401'),
        (281, 'ZA', 'Willowmore', '1860 Hoepker Park', '6454'),
        (282, 'BR', 'Carangola', '15853 Bartillon Circle', '36800-000'),
        (283, 'GR', 'Spétses', '07 Graedel Terrace', null),
        (284, 'CN', 'Jindong', '676 Heath Crossing', null),
        (285, 'PH', 'Santiago', '236 Canary Junction', '8608'),
        (286, 'GH', 'Hohoe', '200 Rusk Hill', null),
        (287, 'ID', 'Klau', '2 Larry Center', null),
        (288, 'HU', 'Ózd', '6119 Maryland Center', '3607'),
        (289, 'BR', 'Bebedouro', '99139 Butterfield Road', '14700-000'),
        (290, 'RU', 'Berëzovyy', '1942 Melvin Point', '682738'),
        (291, 'PT', 'Sande São Martinho', '6143 Victoria Drive', '4805-505'),
        (292, 'PT', 'Aldeia de Além', '34906 Twin Pines Crossing', '2025-105'),
        (293, 'PE', 'Jeberos', '8317 Jay Avenue', null),
        (294, 'NZ', 'Red Hill', '109 Hansons Place', '2110'),
        (295, 'CN', 'Zhujiaqiao', '784 Waywood Park', null),
        (296, 'SE', 'Stockholm', '95699 Commercial Trail', '104 62'),
        (297, 'CN', 'Yi’an', '62687 Shopko Alley', null),
        (298, 'RU', 'Zheleznodorozhnyy', '56 Barby Plaza', '393925'),
        (299, 'AR', 'Capitán Bermúdez', '49646 Hoard Road', '2156'),
        (300, 'FR', 'Montbrison', '23450 Briar Crest Lane', '42604 CEDEX'),
        (301, 'ZM', 'Petauke', '37 Barnett Pass', null),
        (302, 'CN', 'Fanzhen', '351 Forest Street', null),
        (303, 'BR', 'Santana de Parnaíba', '370 Thackeray Crossing', '06500-000'),
        (304, 'ID', 'Kotakan Selatan', '60 Badeau Point', null),
        (305, 'ID', 'Lingsar', '14 Debs Terrace', null),
        (306, 'US', 'San Antonio', '1 Kings Junction', '78205'),
        (307, 'CN', 'Huangtan', '662 Morningstar Drive', null),
        (308, 'DJ', 'Tadjoura', '0958 Loeprich Point', null),
        (309, 'CN', 'Huanggang', '5 Charing Cross Avenue', null),
        (310, 'RU', 'Pokrovskoye', '1 Fallview Plaza', '623795'),
        (311, 'ID', 'Kapinango', '4016 Saint Paul Court', null),
        (312, 'LU', 'Sandweiler', '216 Walton Terrace', 'L-5290'),
        (313, 'CN', 'Dashiqiao', '538 Birchwood Lane', null),
        (314, 'CN', 'Huangma', '4301 La Follette Lane', null),
        (315, 'ID', 'Pajannangger', '25080 John Wall Court', null),
        (316, 'CZ', 'Slavkov u Brna', '61 Prairie Rose Plaza', '684 01'),
        (317, 'MK', 'Пласница', '9 Weeping Birch Pass', '6539'),
        (318, 'JP', 'Minokamo', '4 American Pass', '509-0307'),
        (319, 'GR', 'Pelópion', '78 Thompson Circle', null),
        (320, 'ID', 'Poli', '67950 Utah Trail', null),
        (321, 'AL', 'Xhafzotaj', '42199 Paget Avenue', null),
        (322, 'RS', 'Bečmen', '5072 Fair Oaks Terrace', null),
        (323, 'ID', 'Pekijing', '7 Redwing Plaza', null),
        (324, 'US', 'Mobile', '1452 Nobel Avenue', '36689'),
        (325, 'CZ', 'Radnice', '48739 Boyd Plaza', '789 85'),
        (326, 'KR', 'Koesan', '5 Forest Pass', null),
        (327, 'PT', 'Santiago dos Velhos', '58163 East Place', '2630-505'),
        (328, 'RU', 'Tyrnyauz', '7 Lakewood Gardens Pass', '361624'),
        (329, 'ID', 'Kertayuga', '575 Bartillon Street', null),
        (330, 'CL', 'Puyehue', '218 Continental Parkway', null),
        (331, 'PT', 'Rosmaninhal', '78 Scofield Center', '6060-414'),
        (332, 'SE', 'Enköping', '477 Amoth Road', '745 38'),
        (333, 'FR', 'Amiens', '13287 Hoffman Circle', '80020 CEDEX 9'),
        (334, 'FI', 'Västanfjärd', '4 Oakridge Terrace', '25830'),
        (335, 'ID', 'Lakateng', '3 Pepper Wood Circle', null),
        (336, 'CN', 'Xiangying', '0051 Morningstar Junction', null),
        (337, 'CA', 'Cookshire-Eaton', '4963 Vera Parkway', 'M4C'),
        (338, 'ID', 'Kabir', '717 Warbler Alley', null),
        (339, 'ZM', 'Kafue', '0 Commercial Pass', null),
        (340, 'TH', 'Lahan Sai', '750 Oak Crossing', '31170'),
        (341, 'BR', 'Umuarama', '936 Kinsman Point', '87500-000'),
        (342, 'KG', 'Sulyukta', '732 Nelson Crossing', null),
        (343, 'LV', 'Preiļi', '0 Ridgeview Center', null),
        (344, 'CN', 'Bayan', '0549 Lakewood Gardens Park', null),
        (345, 'PH', 'Pio Duran', '70 Welch Street', '5046'),
        (346, 'CZ', 'Chrast', '4322 New Castle Alley', '538 51'),
        (347, 'CO', 'La Unión', '6467 Dovetail Alley', '055028'),
        (348, 'PE', 'Pacucha', '137 Bluejay Plaza', null),
        (349, 'CN', 'Luoshanchuan', '6 Grim Terrace', null),
        (350, 'ID', 'Holoriang', '83 7th Trail', null),
        (351, 'CO', 'Quinchía', '7 Clove Road', '664008'),
        (352, 'MK', 'Gostivar', '36 Nelson Point', '1230'),
        (353, 'PT', 'Porto Martins', '1251 3rd Junction', '9760-099'),
        (354, 'NA', 'Otjimbingwe', '71344 Mallory Point', null),
        (355, 'LK', 'Kadugannawa', '0 Maryland Center', '20300'),
        (356, 'BR', 'Caçapava do Sul', '7 American Ash Terrace', '96570-000'),
        (357, 'PL', 'Grębków', '625 Porter Trail', '07-110'),
        (358, 'CN', 'Ziketan', '00586 Knutson Terrace', null),
        (359, 'SY', 'Ar Rawḑah', '22559 Bayside Lane', null),
        (360, 'CN', 'Longtou’an', '1 Caliangt Court', null),
        (361, 'UA', 'Kirovohrad', '0 Rutledge Place', null),
        (362, 'ID', 'Detupia', '90485 Old Gate Place', null),
        (363, 'CN', 'Longxi', '232 Sullivan Place', null),
        (364, 'RS', 'Zemun', '25 Reinke Way', null),
        (365, 'EC', 'Cuenca', '7 Gateway Place', null),
        (366, 'RU', 'Kolyshley', '89624 Kinsman Trail', '442830'),
        (367, 'ID', 'Siborong-borong', '90 Randy Trail', null),
        (368, 'ID', 'Gempol', '645 Hovde Point', null),
        (369, 'CN', 'Chaoyang', '9635 Rieder Street', null),
        (370, 'ID', 'Banakaja', '3003 Eastwood Way', null),
        (371, 'CN', 'Xinsheng', '9819 Blackbird Court', null),
        (372, 'CN', 'Qingnianlu', '11406 Jenifer Parkway', null),
        (373, 'ZA', 'Lebowakgomo', '95338 Goodland Circle', '9640'),
        (374, 'CN', 'Lianghu', '58 Scott Terrace', null),
        (375, 'ID', 'Wotsogo', '7 Boyd Hill', null),
        (376, 'HK', 'Hong Kong', '8 Logan Crossing', null),
        (377, 'CA', 'Selkirk', '4 Everett Park', 'R1A'),
        (378, 'KR', 'Hwado', '1963 Helena Park', null),
        (379, 'RU', 'Ryazan’', '2825 6th Drive', '390507'),
        (380, 'CN', 'Chengbei', '4342 Starling Court', null),
        (381, 'ID', 'Maguan', '25 Weeping Birch Plaza', null),
        (382, 'BY', 'Smilavichy', '40242 Sugar Road', null),
        (383, 'PH', 'Santa Cruz', '6 Stoughton Parkway', '5105'),
        (384, 'PH', 'Pinaring', '435 New Castle Way', '1110'),
        (385, 'CN', 'Heshang', '4 Hazelcrest Parkway', null),
        (386, 'CO', 'Tópaga', '6213 Oak Valley Trail', '152047'),
        (387, 'PL', 'Piława Górna', '0 Holmberg Crossing', '58-240'),
        (388, 'BR', 'Santa Cruz do Rio Pardo', '967 Texas Pass', '18900-000'),
        (389, 'CN', 'Zhongshan Donglu', '214 Del Sol Point', null),
        (390, 'IQ', 'Ad Dīwānīyah', '93 Monument Plaza', null),
        (391, 'IR', 'Borāzjān', '77950 Eastwood Pass', null),
        (392, 'ID', 'Wololele A', '46 Kennedy Way', null),
        (393, 'CZ', 'Zbůch', '08129 Arizona Crossing', '330 22'),
        (394, 'PH', 'Malasiqui', '6 Bonner Pass', '2421'),
        (395, 'PT', 'Moita', '6040 Sachs Lane', '2860-296'),
        (396, 'BR', 'Maracaju', '441 Eagle Crest Lane', '79150-000'),
        (397, 'RU', 'Shushenskoye', '609 Roxbury Place', '655672'),
        (398, 'RU', 'Kortkeros', '09528 Marquette Road', '168020'),
        (399, 'GB', 'Twyford', '2143 Grasskamp Avenue', 'LE14'),
        (400, 'NG', 'Ochobo', '20 Pleasure Place', null),
        (401, 'PE', 'San Isidro', '8 Miller Drive', null),
        (402, 'NL', 'Eindhoven', '79 Corben Pass', '5619'),
        (403, 'CN', 'Yuanqian', '258 Colorado Plaza', null),
        (404, 'ID', 'Mangli', '53471 Saint Paul Park', null),
        (405, 'FR', 'Marseille', '0 Truax Center', '13298 CEDEX 20'),
        (406, 'RU', 'Lyamino', '585 Myrtle Trail', '618235'),
        (407, 'ID', 'Krajan', '93 Melody Street', null),
        (408, 'ID', 'Krajan Waturoyo', '7 Scofield Way', null),
        (409, 'ID', 'Maumbawa', '7753 Glendale Pass', null),
        (410, 'KG', 'Osh', '9707 Drewry Road', null),
        (411, 'ID', 'Krajan Bakalan', '1 Brickson Park Terrace', null),
        (412, 'CO', 'Chinchiná', '289 Kedzie Road', '176048'),
        (413, 'MN', 'Tsagaan-Ovoo', '1 Cardinal Crossing', null),
        (414, 'ID', 'Lundo', '887 Grover Park', null),
        (415, 'AM', 'Shahumyan', '315 Fulton Place', null),
        (416, 'JP', 'Akashi', '9865 Delaware Pass', '950-0084'),
        (417, 'ZW', 'Mvuma', '808 Lillian Lane', null),
        (418, 'BR', 'Carlos Barbosa', '50458 Anniversary Park', '95185-000'),
        (419, 'PH', 'Concepcion', '517 Clarendon Road', '7213'),
        (420, 'CN', 'Wangdain', '1 Sachs Way', null),
        (421, 'VN', 'Prao', '14 Glendale Hill', null),
        (422, 'NL', 'Voorburg', '58 Red Cloud Hill', '2274'),
        (423, 'YE', 'Ḩabīl al Jabr', '99259 Hoepker Hill', null),
        (424, 'FI', 'Jämsänkoski', '8 Mayfield Park', '42301'),
        (425, 'RU', 'Novomoskovsk', '7462 School Pass', '301767'),
        (426, 'ZW', 'Nyanga', '2785 Farragut Park', null),
        (427, 'ID', 'Ajung', '77 Surrey Lane', null),
        (428, 'RU', 'Solnechnoye', '93 Northwestern Way', '197738'),
        (429, 'PH', 'Bangan-Oda', '2 Briar Crest Terrace', '2408'),
        (430, 'CN', 'Baoquan', '62 Mifflin Plaza', null),
        (431, 'BR', 'Macaíba', '267 4th Road', '59280-000'),
        (432, 'CN', 'Simao', '80855 Morning Alley', null),
        (433, 'CV', 'Tarrafal', '3 Lakewood Trail', null),
        (434, 'PE', 'Cocachacra', '8140 Maple Alley', null),
        (435, 'CN', 'Yunhe', '2 Pond Trail', null),
        (436, 'PL', 'Lanckorona', '4 Bay Plaza', '34-143'),
        (437, 'BR', 'Itapecerica', '3158 Northfield Road', '35550-000'),
        (438, 'PL', 'Płoniawy-Bramura', '9 International Parkway', '06-210'),
        (439, 'BR', 'Varginha', '9916 Fuller Center', '37000-000'),
        (440, 'UA', 'Dzvinogrud', '1852 Spenser Alley', null),
        (441, 'PL', 'Jadowniki Mokre', '656 Arkansas Alley', '33-271'),
        (442, 'PH', 'Cabadiangan', '44897 Farwell Terrace', '1750'),
        (443, 'RU', 'Pionerskiy', '789 Waywood Terrace', '628250'),
        (444, 'FR', 'Saint-Herblain', '53 Gale Lane', '44804 CEDEX'),
        (445, 'BR', 'Granja', '828 Bellgrove Terrace', '62430-000'),
        (446, 'VN', 'Biên Hòa', '625 Ridge Oak Terrace', null),
        (447, 'FI', 'Virolahti', '97228 Dunning Way', '49901'),
        (448, 'LS', 'Maputsoe', '7 Banding Center', null),
        (449, 'JP', 'Wakkanai', '24642 Mitchell Court', '763-0231'),
        (450, 'EG', 'Suez', '51 Larry Avenue', null),
        (451, 'BR', 'Cerquilho', '0 Annamark Lane', '18520-000'),
        (452, 'CN', 'Guanzhou', '15 Kennedy Alley', null),
        (453, 'YE', 'Al ‘Udayn', '13 Dottie Hill', null),
        (454, 'CF', 'Mbaïki', '96 Armistice Street', null),
        (455, 'FR', 'Paris 11', '359 Sunnyside Alley', '75128 CEDEX 11'),
        (456, 'KR', 'Ansan-si', '02435 Loftsgordon Pass', null),
        (457, 'PT', 'Devesa', '40649 Heath Place', '4755-192'),
        (458, 'MY', 'Putrajaya', '9 School Place', '62576'),
        (459, 'DK', 'København', '9134 Northport Park', '1608'),
        (460, 'BR', 'Espera Feliz', '6 Sherman Hill', '36830-000'),
        (461, 'ID', 'Tawun', '182 Sunbrook Terrace', null),
        (462, 'KZ', 'Ognevka', '1721 Cambridge Crossing', null),
        (463, 'CN', 'Qinjiang', '28208 Haas Lane', null),
        (464, 'PL', 'Wołomin', '5 Myrtle Trail', '05-203'),
        (465, 'NG', 'Gajiram', '30 Grover Place', null),
        (466, 'JP', 'Kashiwazaki', '5 Riverside Lane', '976-0034'),
        (467, 'DO', 'Guayabo Dulce', '7377 Reinke Circle', '11904'),
        (468, 'ID', 'Cukangpanjang', '618 Carey Park', null),
        (469, 'CN', 'Bahaodi', '0 Petterle Road', null),
        (470, 'ID', 'Rancaerang', '57218 Hallows Court', null),
        (471, 'BD', 'Narsingdi', '4273 Reindahl Parkway', '1605'),
        (472, 'CN', 'Quangang', '327 Saint Paul Court', null),
        (473, 'PH', 'Cagdianao', '49 Hoffman Place', '8411'),
        (474, 'GR', 'Polýkastro', '810 Mcbride Place', null),
        (475, 'CN', 'Geji', '8 Anzinger Street', null),
        (476, 'US', 'Washington', '7422 Vahlen Hill', '20535'),
        (477, 'CN', 'Xiling', '8716 Valley Edge Way', null),
        (478, 'PH', 'Napalitan', '8802 Butterfield Trail', '9006'),
        (479, 'PL', 'Nowy Staw', '75 Ilene Hill', '82-230'),
        (480, 'GR', 'Skála', '9 Luster Junction', null),
        (481, 'BR', 'Caçapava', '91401 Stephen Circle', '12280-000'),
        (482, 'BR', 'Araçoiaba da Serra', '7480 New Castle Circle', '18190-000'),
        (483, 'CN', 'Haicheng', '66 La Follette Park', null),
        (484, 'RU', 'Kineshma', '72 Graceland Avenue', '102257'),
        (485, 'UA', 'Lanchyn', '027 Huxley Alley', null),
        (486, 'CD', 'Kasongo', '16297 Linden Pass', null),
        (487, 'US', 'Boca Raton', '25 Cordelia Point', '33487'),
        (488, 'ID', 'Turi', '1516 Spaight Trail', null),
        (489, 'FR', 'Aurillac', '4524 Westridge Road', '15004 CEDEX'),
        (490, 'PH', 'Sison', '933 Vera Park', '8404'),
        (491, 'JP', 'Nakanojōmachi', '3801 Welch Plaza', '377-0816'),
        (492, 'TZ', 'Kintinku', '8826 Trailsway Place', null),
        (493, 'BR', 'Americana', '48864 Service Avenue', '13465-000'),
        (494, 'CN', 'Zhongying', '4 Maple Parkway', null),
        (495, 'AF', 'Jalālābād', '144 School Terrace', null),
        (496, 'TL', 'Venilale', '647 Stone Corner Parkway', null),
        (497, 'CN', 'Guanyinsi', '576 Schiller Point', null),
        (498, 'FR', 'Haguenau', '77 Pierstorff Crossing', '67504 CEDEX'),
        (499, 'US', 'Pensacola', '918 Redwing Court', '32575'),
        (500, 'PH', 'Pandan Niog', '96 Cardinal Parkway', '3313'),
        (501, 'PS', 'Bayt ‘Ūr at Taḩtā', '9825 Melby Plaza', null),
        (502, 'AR', 'Libertador General San Martín', '920 Mitchell Point', '4514'),
        (503, 'ID', 'Sumberrejo', '1395 Gina Way', null),
        (504, 'RU', 'Tbilisskaya', '417 Lindbergh Parkway', '352364'),
        (505, 'ID', 'Karanganyarkrajan', '0 Maple Wood Crossing', null),
        (506, 'ID', 'Alanga', '17 Sachtjen Street', null),
        (507, 'BR', 'Três Rios', '80 Evergreen Pass', '25800-000'),
        (508, 'CN', 'Wenqiao', '19 Donald Road', null),
        (509, 'PH', 'Pinoma', '00254 Dottie Center', '3404'),
        (510, 'PH', 'Boroon', '0554 Vermont Court', '9201'),
        (511, 'CN', 'Dalinhe', '83 Schiller Circle', null),
        (512, 'US', 'Birmingham', '3 Ryan Drive', '35254'),
        (513, 'PL', 'Nysa', '63258 Anderson Point', '48-304'),
        (514, 'RU', 'Rechitsy', '19037 Derek Park', '143818'),
        (515, 'HN', 'Las Lajas', '1 Drewry Avenue', null),
        (516, 'PH', 'Pañgobilian', '3 Victoria Center', '9217'),
        (517, 'CN', 'Zhoujia', '700 Londonderry Circle', null),
        (518, 'SE', 'Tibro', '99370 Warbler Point', '543 30'),
        (519, 'FR', 'Saint-Laurent-Blangy', '9096 Clove Junction', '62055 CEDEX'),
        (520, 'CN', 'Dingchang', '179 Larry Pass', null),
        (521, 'RU', 'Samagaltay', '58617 Rieder Pass', '663716'),
        (522, 'GR', 'Ágio Pnévma', '5 Blaine Hill', null),
        (523, 'SI', 'Celje', '6652 Sugar Street', '3600'),
        (524, 'PH', 'Taypano', '183 Tennessee Alley', '1066'),
        (525, 'BY', 'Klyetsk', '5 Independence Crossing', null),
        (526, 'JP', 'Kamigyō-ku', '866 Delaware Plaza', '612-8447'),
        (527, 'BA', 'Željezno Polje', '7 Dapin Lane', null),
        (528, 'HR', 'Labin', '258 Upham Plaza', '52220'),
        (529, 'PL', 'Piława Górna', '037 Buena Vista Hill', '58-240'),
        (530, 'CZ', 'Zdice', '6667 Straubel Pass', '267 51'),
        (531, 'MY', 'Alor Setar', '44110 Holy Cross Lane', '05516'),
        (532, 'CN', 'Laotai', '6 Hollow Ridge Center', null),
        (533, 'PT', 'Carvalheira', '49251 Twin Pines Road', '4950-740'),
        (534, 'CN', 'Hong’an Chengguanzhen', '3 Crowley Trail', null),
        (535, 'TZ', 'Pangani', '1257 Colorado Circle', null),
        (536, 'CN', 'Shucheng Chengguanzhen', '00313 Ridgeview Street', null),
        (537, 'FI', 'Varpaisjärvi', '16368 Longview Center', '73201'),
        (538, 'SE', 'Umeå', '46 Bobwhite Way', '903 42'),
        (539, 'CZ', 'Lázně Kynžvart', '9 Westridge Place', '354 91'),
        (540, 'PH', 'Bolo', '12715 Moulton Junction', '4201'),
        (541, 'ID', 'Ngujung', '281 Pond Avenue', null),
        (542, 'AR', 'Quitilipi', '4 John Wall Street', '3530'),
        (543, 'ID', 'Kubang', '74 Truax Junction', null),
        (544, 'FR', 'Boé', '26908 Sheridan Parkway', '47555 CEDEX'),
        (545, 'MX', 'Del Valle', '99 Dixon Hill', '92125'),
        (546, 'BR', 'Queimados', '56028 Valley Edge Terrace', '26300-000'),
        (547, 'CO', 'Providencia', '5790 Old Shore Circle', '880028'),
        (548, 'PT', 'Seixas', '4 Stone Corner Place', '3405-400'),
        (549, 'US', 'Raleigh', '32 Morning Park', '27690'),
        (550, 'ID', 'Laban', '72 Rigney Parkway', null),
        (551, 'TH', 'Mukdahan', '655 Nelson Street', '49160'),
        (552, 'ID', 'Jadho', '35 Amoth Lane', null),
        (553, 'PH', 'Damulog', '0982 Northview Court', '8721'),
        (554, 'RE', 'Saint-Paul', '374 Westport Trail', '97864 CEDEX'),
        (555, 'FR', 'Lille', '9 Green Drive', '59865 CEDEX 9'),
        (556, 'UA', 'Svitlovods’k', '6071 Hoepker Place', null),
        (557, 'CN', 'Shenwan', '6 Sugar Terrace', null),
        (558, 'CN', 'Xin’andu', '1 Springs Hill', null),
        (559, 'TG', 'Kpalimé', '38749 Mayfield Circle', null),
        (560, 'GR', 'Ágios Stéfanos', '7 Gina Trail', null),
        (561, 'AU', 'Hobart', '667 Meadow Vale Drive', '7808'),
        (562, 'PK', 'Nasīrābād', '69 Utah Terrace', '77020'),
        (563, 'ES', 'Leon', '12 Transport Drive', '24193'),
        (564, 'NL', 'Leiden', '6807 Superior Terrace', '2304'),
        (565, 'RU', 'Tekstil’shchiki', '6897 Gina Lane', '678126'),
        (566, 'ID', 'Wonokerto', '25 Darwin Avenue', null),
        (567, 'ID', 'Pasirmanggu', '0 Upham Court', null),
        (568, 'NG', 'Kaltungo', '6 Clemons Road', null),
        (569, 'RU', 'Povorino', '7301 Dapin Court', '397355'),
        (570, 'JP', 'Numazu', '282 Annamark Park', '419-0125'),
        (571, 'CN', 'Luodian', '449 Sugar Park', null),
        (572, 'GR', 'Spárti', '591 Sunbrook Center', null),
        (573, 'BR', 'Conceição do Jacuípe', '6 Eggendart Point', '44245-000'),
        (574, 'AL', 'Gjirokastër', '87 Raven Junction', null),
        (575, 'RU', 'Novopokrovskaya', '91404 Northwestern Crossing', '353029'),
        (576, 'CN', 'Aiguo', '91911 Union Pass', null),
        (577, 'PE', 'Curibaya', '7965 Division Terrace', null),
        (578, 'ID', 'Kedungwungu', '4 Acker Place', null),
        (579, 'VE', 'Camatagua', '3442 Randy Street', null),
        (580, 'PS', 'Bīr Nabālā', '727 Corscot Crossing', null),
        (581, 'PT', 'Murça', '36487 Prairie Rose Trail', '5155-505'),
        (582, 'ID', 'Krajan', '33 Lakeland Court', null),
        (583, 'CN', 'Jiahe', '349 Sommers Drive', null),
        (584, 'PH', 'Carmen', '7 Sugar Plaza', '9408'),
        (585, 'AU', 'Sydney', '08899 Acker Circle', '1043'),
        (586, 'DO', 'Comendador', '0993 Forest Dale Point', '11205'),
        (587, 'CN', 'Anren', '54551 Cottonwood Road', null),
        (588, 'PL', 'Chocz', '00 Autumn Leaf Place', '63-313'),
        (589, 'YE', 'Sayḩūt', '98071 Blaine Trail', null),
        (590, 'CU', 'Sancti Spíritus', '1 Grasskamp Trail', null),
        (591, 'CN', 'Shuitianzhuang', '94254 Debs Circle', null),
        (592, 'ID', 'Kadengan', '75353 Debra Trail', null),
        (593, 'PL', 'Świętajno', '36928 Grover Plaza', '19-411'),
        (594, 'PT', 'Cruzeiro', '3262 Drewry Trail', '3700-364'),
        (595, 'AF', 'Dū Laīnah', '214 Dixon Terrace', null),
        (596, 'CA', 'Kimberley', '7 Nelson Parkway', 'V1A'),
        (597, 'PE', 'Coris', '97 Cody Way', null),
        (598, 'PT', 'Torre', '22 Browning Pass', '4605-169'),
        (599, 'PH', 'Kabankalan', '93 High Crossing Crossing', '6109'),
        (600, 'CU', 'Jobabo', '3969 Ridge Oak Drive', null),
        (601, 'CN', 'Shanlian', '66066 Cambridge Avenue', null),
        (602, 'IR', 'Tonekābon', '26 Thierer Street', null),
        (603, 'PE', 'Catache', '7 Artisan Crossing', null),
        (604, 'PT', 'Samouco', '5742 Moose Park', '2890-206'),
        (605, 'BS', 'San Andros', '10061 Holy Cross Lane', null),
        (606, 'RE', 'Saint-Denis', '8 Gina Center', '97717 CEDEX 9'),
        (607, 'PH', 'Titay', '59 Bashford Hill', '7003'),
        (608, 'ET', 'Shashemenē', '8148 Larry Center', null),
        (609, 'ID', 'Matangpayang', '4 Dunning Hill', null),
        (610, 'CN', 'Beigang', '1 Helena Plaza', null),
        (611, 'PA', 'Cañazas', '60104 Pearson Lane', null),
        (612, 'CM', 'Tonga', '47 Glendale Trail', null),
        (613, 'BR', 'Passo Fundo', '09 Jenna Circle', '99000-000'),
        (614, 'AR', 'Puan', '49938 Russell Point', '8180'),
        (615, 'CU', 'Florida', '64344 Lakewood Road', null),
        (616, 'PL', 'Żywiec', '9081 Washington Trail', '34-330'),
        (617, 'PT', 'Ribamar', '8 Kinsman Alley', '2530-631'),
        (618, 'PL', 'Kluki', '3954 Raven Parkway', '97-415'),
        (619, 'BR', 'Arujá', '6 Dorton Way', '07400-000'),
        (620, 'CA', 'Lévis', '0753 Vahlen Court', 'G6W'),
        (621, 'US', 'Austin', '2 Walton Parkway', '78759'),
        (622, 'AM', 'Kamo', '3103 Claremont Trail', null),
        (623, 'VN', 'Thị Trấn Trùng Khánh', '32998 Old Shore Terrace', null),
        (624, 'UA', 'Nemyriv', '5 Scofield Street', null),
        (625, 'PH', 'Barotac Viejo', '4 Scott Way', '8611'),
        (626, 'PH', 'San Jose', '8 Karstens Point', '8427'),
        (627, 'BR', 'Patos', '9 Bobwhite Avenue', '58700-000'),
        (628, 'SL', 'Konakridee', '67 Grim Lane', null),
        (629, 'PK', 'Khānpur', '23 Veith Center', '33100'),
        (630, 'PH', 'Dangcalan', '464 Algoma Circle', '4715'),
        (631, 'CN', 'Hetang', '04 Ridgeview Place', null),
        (632, 'KE', 'Mandera', '444 Raven Place', null),
        (633, 'PT', 'Perosinho', '22480 Marquette Trail', '4415-005'),
        (634, 'CN', 'Liubo', '9422 Ilene Alley', null),
        (635, 'AL', 'Peza e Madhe', '75 Drewry Point', null),
        (636, 'JP', 'Kishiwada', '9059 Banding Alley', '571-0002'),
        (637, 'PH', 'Paldit', '8 Jenifer Plaza', '1422'),
        (638, 'FM', 'Oneop', '85252 Jay Place', null),
        (639, 'CR', 'San José', '712 Ramsey Junction', '40602'),
        (640, 'CN', 'Yu’erhong', '00 Quincy Way', null),
        (641, 'PL', 'Gierłoż', '80978 Sundown Park', '01-517'),
        (642, 'ID', 'Ngangguk', '62 Kenwood Alley', null),
        (643, 'PK', 'Kālābāgh', '074 Del Sol Alley', '42360'),
        (644, 'RS', 'Bajina Bašta', '945 Oakridge Junction', null),
        (645, 'BM', 'Hamilton', '27 Columbus Road', null),
        (646, 'ID', 'Sumberpitu', '0398 Sheridan Terrace', null),
        (647, 'CO', 'Caldono', '3 Eagle Crest Park', '192057'),
        (648, 'CN', 'Subrag', '5073 Clemons Parkway', null),
        (649, 'NG', 'Umuahia', '3559 Bowman Hill', null),
        (650, 'RU', 'Kolomyagi', '9 Hazelcrest Street', '198264'),
        (651, 'ID', 'Sambogunung', '0 Monterey Drive', null),
        (652, 'AR', 'Pasco', '93 Stephen Plaza', '5925'),
        (653, 'CN', 'Chumen', '00976 Sommers Terrace', null),
        (654, 'RU', 'Belozërskoye', '954 Duke Alley', '641360'),
        (655, 'YE', 'Mayfa‘ah', '665 Karstens Park', null),
        (656, 'HR', 'Gorjani', '9455 Veith Alley', '31422'),
        (657, 'CN', 'Beishidian', '5 Carpenter Trail', null),
        (658, 'BJ', 'Kandi', '253 Stuart Junction', null),
        (659, 'PK', 'Keti Bandar', '3 Homewood Place', '17031'),
        (660, 'US', 'Cleveland', '3234 Main Pass', '44105'),
        (661, 'SI', 'Log pri Brezovici', '83 Mifflin Crossing', '1358'),
        (662, 'CN', 'Haixing', '9284 Westport Road', null),
        (663, 'CN', 'Xiaxindian', '917 Nova Lane', null),
        (664, 'CZ', 'Vidče', '4190 Johnson Crossing', '756 53'),
        (665, 'RU', 'Ryazan’', '1 Moulton Terrace', '390507'),
        (666, 'US', 'Dallas', '31 Lukken Drive', '75205'),
        (667, 'SV', 'Chinameca', '57455 Paget Center', null),
        (668, 'CA', 'Willowdale', '41086 Katie Terrace', 'M3H'),
        (669, 'HN', 'Valle de Ángeles', '65 Armistice Way', null),
        (670, 'PE', 'Colcabamba', '1534 Sauthoff Hill', null),
        (671, 'BG', 'Burgas', '0648 Shasta Court', '8000'),
        (672, 'PH', 'Babug', '206 North Terrace', '9213'),
        (673, 'CN', 'Changbu', '46 Dwight Terrace', null),
        (674, 'CN', 'Xianyan', '0265 Chinook Road', null),
        (675, 'CN', 'Bailai', '6493 Charing Cross Way', null),
        (676, 'CN', 'Fengting', '51100 Reinke Street', null),
        (677, 'BY', 'Narach', '9044 Eliot Plaza', null),
        (678, 'AU', 'Sydney', '3 Summer Ridge Parkway', '1140'),
        (679, 'FR', 'Tarbes', '5211 Granby Park', '65951 CEDEX 9'),
        (680, 'CN', 'Nanbin', '45 Summer Ridge Pass', null),
        (681, 'PH', 'San Jose', '75662 Lake View Avenue', '8427'),
        (682, 'AR', 'Embajador Martini', '73608 Brown Center', '6203'),
        (683, 'GT', 'Santa Catarina Ixtahuacán', '2 Hoffman Pass', '07006'),
        (684, 'KZ', 'Timiryazevo', '645 Messerschmidt Trail', null),
        (685, 'PT', 'Vales', '027 Havey Way', '3550-053'),
        (686, 'RU', 'Volkhov', '63903 Wayridge Court', '187409'),
        (687, 'ID', 'Balesari', '370 6th Plaza', null),
        (688, 'LU', 'Müllendorf', '8625 Havey Street', 'L-8295'),
        (689, 'CN', 'Huilong', '0 Harbort Pass', null),
        (690, 'CN', 'Baoshan', '54 Washington Avenue', null),
        (691, 'BR', 'Paranapanema', '464 Oriole Plaza', '18720-000'),
        (692, 'BR', 'Imperatriz', '3584 Northland Street', '65900-000'),
        (693, 'SE', 'Stockholm', '7 Becker Lane', '120 30'),
        (694, 'CN', 'Bailu', '38 3rd Court', null),
        (695, 'EC', 'El Ángel', '0499 Thackeray Street', null),
        (696, 'RU', 'Elekmonar', '8925 Pond Terrace', '649234'),
        (697, 'PT', 'Santa Maria do Souto', '88312 Arkansas Hill', '4800-260'),
        (698, 'HR', 'Kuče', '399 Del Mar Way', '10419'),
        (699, 'NO', 'Gjøvik', '59266 Westport Way', '2821'),
        (700, 'CD', 'Kabalo', '7772 American Ash Drive', null),
        (701, 'TZ', 'Mlandizi', '27 Moulton Place', null),
        (702, 'PT', 'Rego de Água', '52 Elmside Alley', '2860-278'),
        (703, 'CN', 'Jiangjing', '90 Sage Plaza', null),
        (704, 'ME', 'Rožaje', '3919 Waxwing Lane', null),
        (705, 'EG', 'Farshūţ', '335 Laurel Park', null),
        (706, 'PE', 'Progreso', '778 Shasta Plaza', null),
        (707, 'UA', 'Komyshnya', '909 Carpenter Way', null),
        (708, 'GR', 'Náfplio', '592 Marquette Pass', null),
        (709, 'UA', 'Korsun’-Shevchenkivs’kyy', '6 Bluejay Court', null),
        (710, 'PL', 'Sypniewo', '946 Mallory Center', '06-216'),
        (711, 'AL', 'Kolç', '73047 Holy Cross Center', null),
        (712, 'IT', 'Padova', '444 Anderson Court', '35129'),
        (713, 'TH', 'Udon Thani', '62 Hoepker Crossing', '10310'),
        (714, 'RU', 'Krasnaya Polyana', '87944 Surrey Plaza', '352947'),
        (715, 'RU', 'Nizhnekamsk', '3230 Farmco Road', '423579'),
        (716, 'SN', 'Mbaké', '886 Logan Alley', null),
        (717, 'CN', 'Nanhe', '232 Sachtjen Court', null),
        (718, 'CN', 'Hongshan', '528 Warrior Street', null),
        (719, 'PT', 'Paradela', '1003 Dapin Terrace', '4785-231'),
        (720, 'CN', 'Gaoyi', '88 Anzinger Park', null),
        (721, 'SE', 'Stockholm', '093 Darwin Park', '111 76'),
        (722, 'PT', 'Fenais da Ajuda', '2 Garrison Plaza', '9625-025'),
        (723, 'MG', 'Soanierana Ivongo', '36 Hayes Park', null),
        (724, 'PH', 'Paulba', '918 Canary Trail', '4405'),
        (725, 'RU', 'Rezh', '0 Knutson Junction', '623753'),
        (726, 'CN', 'Hongdu', '80763 Holmberg Crossing', null),
        (727, 'PH', 'Napnapan', '972 Mccormick Avenue', '5021'),
        (728, 'PH', 'Pontevedra', '720 2nd Street', '6105'),
        (729, 'UA', 'Druzhba', '6591 Union Place', null),
        (730, 'US', 'Biloxi', '5821 Rigney Street', '39534'),
        (731, 'PH', 'Bailan', '8334 Tony Way', '5815'),
        (732, 'TH', 'Kaset Wisai', '121 Everett Lane', '45150'),
        (733, 'YE', 'Al Ma‘allā’', '9940 Hintze Place', null),
        (734, 'MX', 'Emiliano Zapata', '169 Ryan Way', '71836'),
        (735, 'ID', 'Cibogo', '77 Sheridan Drive', null),
        (736, 'FR', 'Amiens', '78 Schmedeman Plaza', '80020 CEDEX 9'),
        (737, 'AR', 'Azul', '324 Vidon Hill', '7300'),
        (738, 'SE', 'Göteborg', '4 Fair Oaks Avenue', '400 70'),
        (739, 'US', 'Philadelphia', '613 Memorial Road', '19141'),
        (740, 'CN', 'Wangcheng', '9 Briar Crest Circle', null),
        (741, 'CM', 'Bangangté', '1 Carioca Parkway', null),
        (742, 'PT', 'Atalaia', '8 2nd Point', '2530-009'),
        (743, 'CN', 'Xiluo', '3562 Caliangt Street', null),
        (744, 'AE', 'Ras al-Khaimah', '2 Mariners Cove Alley', null),
        (745, 'ID', 'Kradinan', '72 Dennis Parkway', null),
        (746, 'ID', 'Kotabaru', '87 Morning Junction', null),
        (747, 'ID', 'Pakemitan', '54 Butterfield Court', null),
        (748, 'GR', 'Sidirókastro', '14 Summerview Way', null),
        (749, 'PT', 'Breia', '614 Packers Plaza', '4950-284'),
        (750, 'BR', 'Muzambinho', '51395 Dryden Place', '37890-000'),
        (751, 'CN', 'Luo’ao', '79 Johnson Place', null),
        (752, 'IE', 'Dromiskin', '51496 Luster Point', 'W23'),
        (753, 'CN', 'Huangshi', '338 Dahle Place', null),
        (754, 'ID', 'Palaihari', '9 Golf Court', null),
        (755, 'NO', 'Porsgrunn', '237 Crownhardt Road', '3912'),
        (756, 'BO', 'Santa Rita', '1806 Di Loreto Junction', null),
        (757, 'ID', 'Sidaraja', '86 Moose Hill', null),
        (758, 'CN', 'Fengshan', '96415 Golf View Center', null),
        (759, 'PH', 'Pulo', '52983 Bay Drive', '1706'),
        (760, 'ID', 'Banjar Pande', '11 Nova Terrace', null),
        (761, 'JP', 'Ueno', '9 Aberg Drive', '959-3213'),
        (762, 'NZ', 'North Shore', '9080 Maple Pass', '0748'),
        (763, 'PH', 'Santa Teresa First', '265 Dryden Park', '2005'),
        (764, 'CZ', 'Kralice na Hané', '5687 Hoard Place', '798 12'),
        (765, 'RU', 'Podgorenskiy', '40896 Morning Plaza', '396564'),
        (766, 'SY', 'Şalākhid', '19 Hermina Street', null),
        (767, 'CR', 'Purral', '306 Upham Avenue', '10807'),
        (768, 'FR', 'Tours', '6 Tennyson Lane', '37072 CEDEX 2'),
        (769, 'LS', 'Butha-Buthe', '8866 Elgar Drive', null),
        (770, 'ID', 'Masaran', '853 Sherman Circle', null),
        (771, 'CN', 'Zengtian', '4 Coolidge Trail', null),
        (772, 'MK', 'Šuto Orizare', '476 Kedzie Pass', '1040'),
        (773, 'ID', 'Sambong', '998 Northland Avenue', null),
        (774, 'MX', 'Miguel Hidalgo', '6878 Tennyson Junction', '39120'),
        (775, 'CN', 'Daweishan', '4 Washington Circle', null),
        (776, 'RU', 'Khabarovsk', '497 Anhalt Plaza', '680999'),
        (777, 'PT', 'São João das Lampas', '73628 Springview Way', '2705-785'),
        (778, 'LU', 'Crauthem', '0 Sunnyside Point', 'L-3330'),
        (779, 'NL', 'Alkmaar', '962 Carey Way', '1814'),
        (780, 'PL', 'Walce', '54190 Homewood Place', '47-344'),
        (781, 'US', 'Tulsa', '71 Muir Street', '74103'),
        (782, 'CN', 'Xinxing', '787 Forster Parkway', null),
        (783, 'TH', 'Bang Lamung', '740 Cottonwood Park', '20150'),
        (784, 'PT', 'Trafaria', '15 Rockefeller Street', '2825-843'),
        (785, 'CN', 'Boli', '2 Park Meadow Plaza', null),
        (786, 'AR', 'Zárate', '1508 Scoville Avenue', '3423'),
        (787, 'PL', 'Strawczyn', '06325 Jenifer Street', '26-067'),
        (788, 'CN', 'Bopu', '147 Corscot Trail', null),
        (789, 'MY', 'Rawang', '306 Warbler Court', '48100'),
        (790, 'RU', 'Dzerzhinskiy', '68416 Clarendon Pass', '140083'),
        (791, 'CN', 'Zhaoqing', '78 High Crossing Junction', null),
        (792, 'UA', 'Lyubeshiv', '0 Autumn Leaf Junction', null),
        (793, 'YT', 'Koungou', '56314 Waubesa Crossing', '97600'),
        (794, 'PT', 'Torre', '43 Oak Circle', '4605-169'),
        (795, 'ID', 'Tunggaoen Timur', '92 Red Cloud Park', null),
        (796, 'CN', 'Zhushan', '92 Warrior Terrace', null),
        (797, 'US', 'Houston', '78 Dakota Pass', '77085'),
        (798, 'CN', 'Jubao', '3777 Bay Center', null),
        (799, 'CN', 'Zhifudao', '2924 Waywood Plaza', null),
        (800, 'GR', 'Ágios Athanásios', '012 Graceland Court', null),
        (801, 'BR', 'Itaquaquecetuba', '1877 Rusk Street', '08570-000'),
        (802, 'PH', 'Minante Segundo', '60811 Banding Junction', '3306'),
        (803, 'GT', 'San Benito', '874 Northview Park', '17003'),
        (804, 'GA', 'Ntoum', '25054 Monument Place', null),
        (805, 'ID', 'Gajrug', '59 Kennedy Point', null),
        (806, 'AM', 'Vardenik', '4926 Pond Way', null),
        (807, 'PT', 'Banho e Carvalhosa', '28917 Dahle Drive', '4635-005'),
        (808, 'PE', 'Huambo', '93 Esker Junction', null),
        (809, 'PH', 'Matanog', '82 Crescent Oaks Point', '9613'),
        (810, 'ID', 'Kolomanu', '098 Oak Valley Crossing', null),
        (811, 'CN', 'Shuyuan', '4413 Schiller Parkway', null),
        (812, 'FR', 'Annecy', '6158 Fairview Place', '74982 CEDEX 9'),
        (813, 'PL', 'Brzeg Dolny', '55292 Karstens Avenue', '56-122'),
        (814, 'SE', 'Stockholm', '3711 Green Ridge Circle', '115 91'),
        (815, 'CN', 'Huji', '79 Eliot Lane', null),
        (816, 'CN', 'Xiaoshun', '042 Roxbury Pass', null),
        (817, 'CN', 'Daixi', '0 Stang Parkway', null),
        (818, 'CN', 'Wuping', '74229 Vidon Plaza', null),
        (819, 'LK', 'Haputale', '69 Ramsey Hill', '90160'),
        (820, 'NG', 'Badeggi', '1 Longview Place', null),
        (821, 'CN', 'Liubo', '1512 Knutson Plaza', null),
        (822, 'VN', 'Uyen Hung', '8116 Debs Lane', null),
        (823, 'CA', 'Saint Andrews', '978 Del Sol Crossing', 'E5B'),
        (824, 'CZ', 'Lipov', '51316 Steensland Point', '696 72'),
        (825, 'CO', 'Pasto', '523 Harper Avenue', '520039'),
        (826, 'MT', 'Mġarr', '4857 Holy Cross Lane', 'MGR'),
        (827, 'GU', 'Asan-Maina Village', '52 Brentwood Court', '96925'),
        (828, 'PH', 'Siayan', '19 Wayridge Road', '7113'),
        (829, 'JP', 'Hiratachō', '879 Carberry Terrace', '699-0644'),
        (830, 'CN', 'Shuikou', '67 Ludington Way', null),
        (831, 'PH', 'Umingan', '60548 Pepper Wood Circle', '2443'),
        (832, 'DE', 'Berlin', '3 Lyons Hill', '13409'),
        (833, 'TJ', 'Khovaling', '9 Anniversary Crossing', null),
        (834, 'PT', 'São Roque', '31 Buena Vista Point', '9500-701'),
        (835, 'ID', 'Srabah', '624 Morning Lane', null),
        (836, 'CN', 'Dafeng', '05585 Kropf Point', null),
        (837, 'CN', 'Qiawan', '3209 South Drive', null),
        (838, 'NG', 'Otan Aiyegbaju', '0321 3rd Point', null),
        (839, 'NZ', 'Papakura', '63294 Dahle Way', '2113'),
        (840, 'NL', 'Geldrop', '122 Rusk Terrace', '5664'),
        (841, 'PH', 'Uyugan', '32 Golf View Street', '3903'),
        (842, 'CN', 'Taojiahe', '09677 Jana Park', null),
        (843, 'CN', 'Kuaidamao', '341 Chive Crossing', null),
        (844, 'CN', 'Hecheng', '47 American Plaza', null),
        (845, 'CN', 'Zhangdu', '4999 Hayes Hill', null),
        (846, 'BR', 'Minador do Negrão', '906 Sauthoff Hill', '57615-000'),
        (847, 'RS', 'Bašaid', '7 Green Point', null),
        (848, 'IL', 'Yehud', '3 Spenser Plaza', null),
        (849, 'PH', 'Pawa', '6 Jenifer Terrace', '4514'),
        (850, 'GA', 'Cocobeach', '9 Fairfield Point', null),
        (851, 'ID', 'Bamban', '8 Hansons Drive', null),
        (852, 'PH', 'Santo Niño', '7 Blackbird Plaza', '6711'),
        (853, 'CN', 'Furong', '7 Eagle Crest Drive', null),
        (854, 'MX', 'Tierra y Libertad', '544 Ruskin Trail', '32628'),
        (855, 'AU', 'Northern Suburbs Mc', '430 Granby Way', '1694'),
        (856, 'CU', 'Vertientes', '79 Waxwing Drive', null),
        (857, 'PH', 'Dugcal', '3807 6th Way', '6037'),
        (858, 'AF', 'Andkhōy', '06762 Crownhardt Parkway', null),
        (859, 'SA', 'Al Hufūf', '81 Stone Corner Crossing', null),
        (860, 'IE', 'Ballyhaunis', '8228 Arrowood Pass', 'F35'),
        (861, 'ID', 'Bokor', '22916 Vahlen Road', null),
        (862, 'PE', 'Iñapari', '621 Petterle Trail', null),
        (863, 'CN', 'Dahuaishu', '39231 Hanson Center', null),
        (864, 'PE', 'San Isidro', '58031 Steensland Court', null),
        (865, 'PK', 'Hadāli', '68939 American Ash Junction', '51801'),
        (866, 'BR', 'Aquidauana', '529 Jay Plaza', '79200-000'),
        (867, 'CN', 'Takeshiken', '3176 Stone Corner Place', null),
        (868, 'PT', 'Quinta da Torre', '1555 Everett Street', '4920-070'),
        (869, 'PL', 'Kcynia', '2433 Dexter Junction', '89-240'),
        (870, 'CZ', 'Hrochův Týnec', '325 Haas Alley', '538 62'),
        (871, 'PT', 'Quiaios', '46 Eastlawn Point', '3080-520'),
        (872, 'TH', 'Ban Thai Tan', '46 Steensland Street', '14000'),
        (873, 'BA', 'Janja', '5004 Badeau Place', null),
        (874, 'CM', 'Bafoussam', '20979 Bashford Hill', null),
        (875, 'BR', 'Praia Grande', '0439 Mockingbird Park', '11700-000'),
        (876, 'ID', 'Kimaam', '0 Hauk Alley', null),
        (877, 'BT', 'Mongar', '4346 Jackson Center', null),
        (878, 'CN', 'Yijing', '63 Gale Trail', null),
        (879, 'RS', 'Margita', '94 Mandrake Drive', null),
        (880, 'UA', 'Synevyr', '464 Jana Road', null),
        (881, 'RU', 'Zamoskvorech’ye', '277 4th Center', '142817'),
        (882, 'AR', 'Sampacho', '2035 Del Sol Court', '5829'),
        (883, 'SE', 'Östhammar', '6 Redwing Trail', '742 91'),
        (884, 'RU', 'Trubchevsk', '05926 Del Sol Junction', '242251'),
        (885, 'RU', 'Burtunay', '9 Mockingbird Park', '368150'),
        (886, 'SE', 'Södertälje', '90110 Rusk Parkway', '151 81'),
        (887, 'AZ', 'Birinci Aşıqlı', '43429 Mitchell Alley', null),
        (888, 'CN', 'Leiguan', '7455 Huxley Drive', null),
        (889, 'CN', 'Nansha', '09 Starling Trail', null),
        (890, 'AZ', 'Mardakyany', '3863 Springs Drive', null),
        (891, 'CN', 'Chakou', '1929 Anderson Plaza', null),
        (892, 'CN', 'Wenfang', '829 Sutteridge Way', null),
        (893, 'CN', 'Zhanxu', '7 Warrior Plaza', null),
        (894, 'PH', 'Kabuynan', '42 Green Way', '8311'),
        (895, 'JP', 'Yamaga', '61263 Michigan Lane', '874-0818'),
        (896, 'RU', 'Plyussa', '8 Dwight Center', '181000'),
        (897, 'GT', 'Melchor de Mencos', '2 Petterle Alley', '17011'),
        (898, 'ID', 'Cigadog', '560 Merchant Terrace', null),
        (899, 'NA', 'Eenhana', '57 Sullivan Point', null),
        (900, 'CO', 'Los Andes', '6 Lawn Pass', '526529');
insert into countries (id, title, iso)
values  (1, 'Nigeria', 'NG'),
        (2, 'Bosnia and Herzegovina', 'BA'),
        (3, 'China', 'CN'),
        (4, 'Thailand', 'TH'),
        (5, 'Indonesia', 'ID'),
        (6, 'Russia', 'RU'),
        (7, 'Argentina', 'AR'),
        (8, 'Japan', 'JP'),
        (9, 'Canada', 'CA'),
        (10, 'Ivory Coast', 'CI'),
        (11, 'Armenia', 'AM'),
        (12, 'Pakistan', 'PK'),
        (13, 'China', 'CN'),
        (14, 'Pakistan', 'PK'),
        (15, 'Ethiopia', 'ET'),
        (16, 'Indonesia', 'ID'),
        (17, 'Peru', 'PE'),
        (18, 'Kenya', 'KE'),
        (19, 'Philippines', 'PH'),
        (20, 'Indonesia', 'ID'),
        (21, 'Benin', 'BJ'),
        (22, 'Morocco', 'MA'),
        (23, 'Brazil', 'BR'),
        (24, 'China', 'CN'),
        (25, 'Russia', 'RU'),
        (26, 'Indonesia', 'ID'),
        (27, 'Czech Republic', 'CZ'),
        (28, 'Poland', 'PL'),
        (29, 'China', 'CN'),
        (30, 'China', 'CN'),
        (31, 'Tunisia', 'TN'),
        (32, 'Netherlands', 'NL'),
        (33, 'China', 'CN'),
        (34, 'Russia', 'RU'),
        (35, 'Lebanon', 'LB'),
        (36, 'China', 'CN'),
        (37, 'United States', 'US'),
        (38, 'Cameroon', 'CM'),
        (39, 'Serbia', 'RS'),
        (40, 'Mexico', 'MX'),
        (41, 'Indonesia', 'ID'),
        (42, 'Indonesia', 'ID'),
        (43, 'China', 'CN'),
        (44, 'Mongolia', 'MN'),
        (45, 'Dominica', 'DM'),
        (46, 'Poland', 'PL'),
        (47, 'Thailand', 'TH'),
        (48, 'Brazil', 'BR'),
        (49, 'China', 'CN'),
        (50, 'Brazil', 'BR'),
        (51, 'Sweden', 'SE'),
        (52, 'United States', 'US'),
        (53, 'China', 'CN'),
        (54, 'Indonesia', 'ID'),
        (55, 'Portugal', 'PT'),
        (56, 'Azerbaijan', 'AZ'),
        (57, 'Russia', 'RU'),
        (58, 'Russia', 'RU'),
        (59, 'Finland', 'FI'),
        (60, 'Indonesia', 'ID'),
        (61, 'Philippines', 'PH'),
        (62, 'France', 'FR'),
        (63, 'Syria', 'SY'),
        (64, 'Czech Republic', 'CZ'),
        (65, 'Nicaragua', 'NI'),
        (66, 'Sweden', 'SE'),
        (67, 'Kenya', 'KE'),
        (68, 'Mexico', 'MX'),
        (69, 'Portugal', 'PT'),
        (70, 'Brazil', 'BR'),
        (71, 'Peru', 'PE'),
        (72, 'France', 'FR'),
        (73, 'Peru', 'PE'),
        (74, 'Portugal', 'PT'),
        (75, 'Indonesia', 'ID'),
        (76, 'Dominican Republic', 'DO'),
        (77, 'Czech Republic', 'CZ'),
        (78, 'Malawi', 'MW'),
        (79, 'China', 'CN'),
        (80, 'Canada', 'CA'),
        (81, 'Russia', 'RU'),
        (82, 'Thailand', 'TH'),
        (83, 'Philippines', 'PH'),
        (84, 'Indonesia', 'ID'),
        (85, 'Bolivia', 'BO'),
        (86, 'Philippines', 'PH'),
        (87, 'China', 'CN'),
        (88, 'China', 'CN'),
        (89, 'Indonesia', 'ID'),
        (90, 'Sudan', 'SD'),
        (91, 'Portugal', 'PT'),
        (92, 'Mexico', 'MX'),
        (93, 'Brazil', 'BR'),
        (94, 'Portugal', 'PT'),
        (95, 'Thailand', 'TH'),
        (96, 'Indonesia', 'ID'),
        (97, 'Tanzania', 'TZ'),
        (98, 'Malawi', 'MW'),
        (99, 'Indonesia', 'ID'),
        (100, 'China', 'CN');
insert into `groups` (id, title, address_id, state)
values  (1, 'CS_PHP_D', 44, 1),
        (2, 'CS_CSS_V', 77, 1),
        (3, 'CS_JS_V', 57, 2),
        (4, 'CS_HTML_D', 79, 1),
        (5, 'CS_C_V', 14, 2),
        (6, 'CS_HTML_V', 21, 1),
        (7, 'CS_JAVA_D', 9, 1),
        (8, 'CS_MySQL_D', 53, 2),
        (9, 'CS_HTML_D', 43, 2),
        (10, 'CS_JAVA_D', 67, 2),
        (11, 'CS_C_V', 25, 1),
        (12, 'CS_MySQL_V', 79, 2),
        (13, 'CS_CSS_D', 56, 1),
        (14, 'CS_JS_V', 45, 1),
        (15, 'CS_C_V', 36, 1),
        (16, 'CS_JS_D', 17, 2),
        (17, 'CS_CSS_V', 32, 2),
        (18, 'CS_MySQL_V', 5, 2),
        (19, 'CS_MySQL_V', 73, 1),
        (20, 'CS_HTML_V', 21, 1),
        (21, 'CS_MySQL_D', 50, 2),
        (22, 'CS_MySQL_V', 33, 2),
        (23, 'CS_JAVA_D', 26, 2),
        (24, 'CS_JAVA_D', 79, 1),
        (25, 'CS_JS_V', 20, 1),
        (26, 'CS_CSS_D', 64, 1),
        (27, 'CS_PHP_V', 4, 2),
        (28, 'CS_CSS_D', 21, 1),
        (29, 'CS_C_D', 56, 2),
        (30, 'CS_JS_V', 71, 2);
insert into person2gruop (id, person_id, groups_id)
values  (1, 462, 22),
        (2, 403, 26),
        (3, 164, 20),
        (4, 115, 2),
        (5, 419, 13),
        (6, 754, 26),
        (7, 670, 29),
        (8, 555, 16),
        (9, 568, 22),
        (10, 262, 7),
        (11, 185, 8),
        (12, 268, 3),
        (13, 410, 19),
        (14, 28, 8),
        (15, 142, 16),
        (16, 816, 19),
        (17, 905, 28),
        (18, 36, 29),
        (19, 176, 25),
        (20, 388, 28),
        (21, 916, 6),
        (22, 506, 25),
        (23, 827, 29),
        (24, 498, 3),
        (25, 942, 25),
        (26, 315, 14),
        (27, 945, 11),
        (28, 476, 28),
        (29, 641, 29),
        (30, 550, 19),
        (31, 579, 11),
        (32, 493, 25),
        (33, 494, 12),
        (34, 525, 15),
        (35, 594, 21),
        (36, 959, 11),
        (37, 957, 15),
        (38, 514, 28),
        (39, 47, 3),
        (40, 426, 29),
        (41, 470, 13),
        (42, 954, 19),
        (43, 862, 29),
        (44, 920, 11),
        (45, 992, 6),
        (46, 384, 26),
        (47, 266, 30),
        (48, 299, 16),
        (49, 304, 12),
        (50, 625, 21),
        (51, 613, 22),
        (52, 384, 23),
        (53, 52, 16),
        (54, 19, 4),
        (55, 391, 20),
        (56, 168, 6),
        (57, 290, 22),
        (58, 313, 9),
        (59, 125, 24),
        (60, 738, 25),
        (61, 562, 18),
        (62, 539, 14),
        (63, 14, 8),
        (64, 403, 6),
        (65, 256, 12),
        (66, 32, 25),
        (67, 601, 19),
        (68, 662, 10),
        (69, 404, 5),
        (70, 739, 8),
        (71, 596, 24),
        (72, 14, 18),
        (73, 42, 9),
        (74, 934, 28),
        (75, 39, 22),
        (76, 597, 12),
        (77, 843, 1),
        (78, 470, 10),
        (79, 836, 12),
        (80, 541, 30),
        (81, 182, 8),
        (82, 216, 17),
        (83, 549, 27),
        (84, 719, 4),
        (85, 660, 6),
        (86, 640, 24),
        (87, 751, 30),
        (88, 890, 7),
        (89, 632, 9),
        (90, 3, 22),
        (91, 574, 26),
        (92, 751, 14),
        (93, 523, 11),
        (94, 239, 27),
        (95, 569, 8),
        (96, 943, 24),
        (97, 592, 7),
        (98, 233, 9),
        (99, 677, 17),
        (100, 658, 21),
        (101, 123, 6),
        (102, 927, 4),
        (103, 694, 1),
        (104, 904, 21),
        (105, 398, 1),
        (106, 524, 7),
        (107, 902, 19),
        (108, 112, 7),
        (109, 531, 2),
        (110, 344, 5),
        (111, 726, 3),
        (112, 502, 4),
        (113, 976, 27),
        (114, 161, 28),
        (115, 121, 2),
        (116, 355, 23),
        (117, 775, 16),
        (118, 381, 27),
        (119, 473, 12),
        (120, 868, 3),
        (121, 728, 3),
        (122, 205, 17),
        (123, 909, 5),
        (124, 501, 26),
        (125, 808, 21),
        (126, 507, 16),
        (127, 1, 16),
        (128, 153, 6),
        (129, 589, 22),
        (130, 96, 1),
        (131, 705, 27),
        (132, 654, 4),
        (133, 122, 3),
        (134, 274, 29),
        (135, 606, 26),
        (136, 441, 6),
        (137, 713, 28),
        (138, 318, 30),
        (139, 103, 5),
        (140, 679, 30),
        (141, 452, 3),
        (142, 553, 15),
        (143, 136, 10),
        (144, 150, 3),
        (145, 249, 26),
        (146, 272, 22),
        (147, 447, 24),
        (148, 334, 27),
        (149, 448, 23),
        (150, 835, 17),
        (151, 119, 24),
        (152, 556, 5),
        (153, 585, 9),
        (154, 940, 25),
        (155, 55, 26),
        (156, 555, 14),
        (157, 10, 2),
        (158, 50, 2),
        (159, 122, 16),
        (160, 668, 13),
        (161, 832, 17),
        (162, 330, 3),
        (163, 321, 22),
        (164, 255, 5),
        (165, 1000, 14),
        (166, 783, 4),
        (167, 998, 2),
        (168, 976, 13),
        (169, 189, 16),
        (170, 781, 5),
        (171, 359, 27),
        (172, 810, 15),
        (173, 202, 28),
        (174, 314, 18),
        (175, 934, 28),
        (176, 135, 26),
        (177, 734, 29),
        (178, 19, 16),
        (179, 902, 19),
        (180, 852, 15),
        (181, 944, 14),
        (182, 752, 1),
        (183, 266, 21),
        (184, 914, 21),
        (185, 595, 5),
        (186, 309, 29),
        (187, 858, 19),
        (188, 647, 24),
        (189, 946, 20),
        (190, 198, 24),
        (191, 142, 6),
        (192, 818, 12),
        (193, 883, 30),
        (194, 201, 24),
        (195, 308, 19),
        (196, 317, 23),
        (197, 745, 16),
        (198, 358, 13),
        (199, 51, 22),
        (200, 499, 30),
        (201, 566, 4),
        (202, 122, 23),
        (203, 919, 8),
        (204, 263, 27),
        (205, 503, 24),
        (206, 823, 14),
        (207, 400, 3),
        (208, 471, 16),
        (209, 90, 13),
        (210, 204, 17),
        (211, 999, 14),
        (212, 92, 2),
        (213, 426, 21),
        (214, 183, 14),
        (215, 427, 11),
        (216, 289, 17),
        (217, 319, 10),
        (218, 62, 18),
        (219, 992, 3),
        (220, 54, 25),
        (221, 828, 22),
        (222, 959, 6),
        (223, 834, 17),
        (224, 475, 2),
        (225, 92, 15),
        (226, 297, 30),
        (227, 849, 16),
        (228, 619, 19),
        (229, 770, 3),
        (230, 481, 22),
        (231, 450, 20),
        (232, 810, 9),
        (233, 292, 24),
        (234, 730, 18),
        (235, 56, 23),
        (236, 38, 25),
        (237, 393, 19),
        (238, 24, 10),
        (239, 184, 21),
        (240, 822, 21),
        (241, 358, 5),
        (242, 578, 19),
        (243, 924, 15),
        (244, 634, 5),
        (245, 744, 22),
        (246, 602, 16),
        (247, 464, 8),
        (248, 709, 21),
        (249, 149, 10),
        (250, 535, 18),
        (251, 963, 4),
        (252, 169, 30),
        (253, 478, 14),
        (254, 568, 29),
        (255, 798, 13),
        (256, 765, 3),
        (257, 595, 4),
        (258, 94, 13),
        (259, 926, 6),
        (260, 900, 7),
        (261, 841, 15),
        (262, 184, 19),
        (263, 73, 26),
        (264, 804, 7),
        (265, 196, 12),
        (266, 761, 4),
        (267, 647, 1),
        (268, 994, 14),
        (269, 144, 21),
        (270, 535, 10),
        (271, 87, 4),
        (272, 689, 11),
        (273, 882, 14),
        (274, 870, 3),
        (275, 332, 10),
        (276, 533, 28),
        (277, 205, 2),
        (278, 318, 18),
        (279, 464, 28),
        (280, 358, 12),
        (281, 926, 7),
        (282, 929, 14),
        (283, 734, 3),
        (284, 388, 26),
        (285, 620, 24),
        (286, 274, 13),
        (287, 430, 19),
        (288, 747, 23),
        (289, 608, 24),
        (290, 394, 29),
        (291, 403, 24),
        (292, 948, 12),
        (293, 219, 27),
        (294, 853, 27),
        (295, 712, 25),
        (296, 169, 23),
        (297, 783, 14),
        (298, 955, 2),
        (299, 895, 9),
        (300, 464, 9),
        (301, 181, 13),
        (302, 117, 4),
        (303, 95, 15),
        (304, 602, 26),
        (305, 16, 13),
        (306, 503, 19),
        (307, 736, 27),
        (308, 982, 17),
        (309, 314, 12),
        (310, 167, 18),
        (311, 153, 20),
        (312, 495, 7),
        (313, 979, 18),
        (314, 697, 5),
        (315, 396, 10),
        (316, 283, 9),
        (317, 367, 17),
        (318, 912, 27),
        (319, 403, 30),
        (320, 687, 18),
        (321, 647, 20),
        (322, 254, 30),
        (323, 775, 16),
        (324, 448, 17),
        (325, 9, 27),
        (326, 211, 28),
        (327, 457, 19),
        (328, 402, 30),
        (329, 663, 7),
        (330, 243, 19),
        (331, 860, 11),
        (332, 425, 25),
        (333, 527, 5),
        (334, 603, 12),
        (335, 589, 25),
        (336, 69, 24),
        (337, 450, 17),
        (338, 180, 27),
        (339, 514, 13),
        (340, 51, 2),
        (341, 523, 9),
        (342, 964, 10),
        (343, 642, 14),
        (344, 173, 25),
        (345, 151, 20),
        (346, 815, 24),
        (347, 708, 3),
        (348, 91, 24),
        (349, 552, 6),
        (350, 282, 6),
        (351, 254, 28),
        (352, 337, 1),
        (353, 734, 13),
        (354, 881, 4),
        (355, 328, 24),
        (356, 746, 17),
        (357, 89, 29),
        (358, 373, 11),
        (359, 191, 13),
        (360, 847, 15),
        (361, 409, 16),
        (362, 95, 17),
        (363, 28, 6),
        (364, 664, 4),
        (365, 741, 27),
        (366, 92, 21),
        (367, 839, 20),
        (368, 587, 8),
        (369, 465, 26),
        (370, 679, 6),
        (371, 955, 6),
        (372, 304, 11),
        (373, 726, 2),
        (374, 928, 4),
        (375, 727, 14),
        (376, 341, 22),
        (377, 423, 17),
        (378, 71, 17),
        (379, 959, 26),
        (380, 383, 18),
        (381, 164, 21),
        (382, 558, 3),
        (383, 512, 14),
        (384, 717, 4),
        (385, 376, 12),
        (386, 92, 13),
        (387, 575, 26),
        (388, 736, 27),
        (389, 705, 8),
        (390, 703, 15),
        (391, 275, 29),
        (392, 798, 4),
        (393, 718, 24),
        (394, 819, 25),
        (395, 39, 14),
        (396, 899, 18),
        (397, 852, 15),
        (398, 786, 24),
        (399, 531, 2),
        (400, 366, 19),
        (401, 603, 24),
        (402, 863, 11),
        (403, 92, 11),
        (404, 261, 15),
        (405, 225, 4),
        (406, 797, 15),
        (407, 227, 15),
        (408, 595, 5),
        (409, 495, 30),
        (410, 106, 1),
        (411, 115, 18),
        (412, 352, 2),
        (413, 111, 27),
        (414, 621, 23),
        (415, 680, 11),
        (416, 241, 18),
        (417, 888, 23),
        (418, 680, 17),
        (419, 656, 11),
        (420, 642, 1),
        (421, 909, 20),
        (422, 593, 1),
        (423, 278, 13),
        (424, 404, 12),
        (425, 511, 25),
        (426, 917, 15),
        (427, 786, 17),
        (428, 446, 26),
        (429, 797, 10),
        (430, 486, 27),
        (431, 811, 29),
        (432, 982, 11),
        (433, 830, 6),
        (434, 584, 15),
        (435, 39, 30),
        (436, 201, 30),
        (437, 586, 13),
        (438, 554, 18),
        (439, 5, 14),
        (440, 578, 10),
        (441, 514, 1),
        (442, 331, 25),
        (443, 824, 28),
        (444, 653, 11),
        (445, 567, 1),
        (446, 307, 20),
        (447, 610, 10),
        (448, 557, 12),
        (449, 76, 4),
        (450, 768, 10),
        (451, 963, 18),
        (452, 620, 30),
        (453, 195, 2),
        (454, 691, 17),
        (455, 553, 27),
        (456, 52, 9),
        (457, 699, 28),
        (458, 449, 29),
        (459, 971, 9),
        (460, 186, 25),
        (461, 816, 22),
        (462, 544, 13),
        (463, 432, 30),
        (464, 613, 26),
        (465, 68, 28),
        (466, 989, 24),
        (467, 556, 24),
        (468, 235, 18),
        (469, 756, 25),
        (470, 801, 25),
        (471, 529, 19),
        (472, 414, 28),
        (473, 985, 1),
        (474, 898, 4),
        (475, 150, 11),
        (476, 843, 5),
        (477, 843, 4),
        (478, 749, 3),
        (479, 593, 25),
        (480, 392, 17),
        (481, 226, 28),
        (482, 554, 21),
        (483, 192, 12),
        (484, 606, 24),
        (485, 449, 25),
        (486, 16, 4),
        (487, 914, 17),
        (488, 681, 22),
        (489, 506, 16),
        (490, 603, 9),
        (491, 678, 26),
        (492, 370, 13),
        (493, 400, 22),
        (494, 325, 12),
        (495, 880, 22),
        (496, 132, 9),
        (497, 315, 19),
        (498, 231, 7),
        (499, 239, 13),
        (500, 612, 11),
        (501, 821, 11),
        (502, 843, 18),
        (503, 408, 22),
        (504, 622, 14),
        (505, 442, 7),
        (506, 184, 7),
        (507, 469, 6),
        (508, 704, 15),
        (509, 116, 7),
        (510, 656, 18),
        (511, 821, 14),
        (512, 130, 28),
        (513, 453, 27),
        (514, 957, 26),
        (515, 521, 30),
        (516, 947, 27),
        (517, 601, 26),
        (518, 682, 14),
        (519, 917, 28),
        (520, 409, 15),
        (521, 959, 28),
        (522, 904, 25),
        (523, 90, 27),
        (524, 858, 22),
        (525, 988, 22),
        (526, 725, 29),
        (527, 650, 24),
        (528, 421, 22),
        (529, 259, 5),
        (530, 229, 6),
        (531, 114, 28),
        (532, 883, 7),
        (533, 385, 6),
        (534, 209, 7),
        (535, 28, 8),
        (536, 584, 3),
        (537, 701, 14),
        (538, 852, 5),
        (539, 831, 28),
        (540, 892, 22),
        (541, 29, 28),
        (542, 820, 14),
        (543, 176, 11),
        (544, 773, 12),
        (545, 49, 29),
        (546, 486, 6),
        (547, 433, 19),
        (548, 48, 10),
        (549, 21, 9),
        (550, 323, 4),
        (551, 742, 13),
        (552, 597, 7),
        (553, 813, 28),
        (554, 349, 23),
        (555, 728, 7),
        (556, 193, 8),
        (557, 685, 5),
        (558, 621, 26),
        (559, 635, 5),
        (560, 490, 10),
        (561, 975, 27),
        (562, 716, 9),
        (563, 80, 25),
        (564, 119, 20),
        (565, 55, 11),
        (566, 810, 17),
        (567, 678, 15),
        (568, 446, 25),
        (569, 478, 28),
        (570, 697, 15),
        (571, 715, 30),
        (572, 267, 14),
        (573, 609, 14),
        (574, 302, 9),
        (575, 567, 1),
        (576, 824, 18),
        (577, 593, 9),
        (578, 379, 17),
        (579, 14, 9),
        (580, 379, 4),
        (581, 512, 22),
        (582, 102, 20),
        (583, 479, 20),
        (584, 497, 29),
        (585, 505, 17),
        (586, 25, 18),
        (587, 401, 21),
        (588, 105, 22),
        (589, 712, 19),
        (590, 808, 7),
        (591, 347, 12),
        (592, 483, 8),
        (593, 887, 16),
        (594, 459, 24),
        (595, 185, 1),
        (596, 292, 23),
        (597, 47, 24),
        (598, 100, 24),
        (599, 497, 11),
        (600, 315, 15),
        (601, 608, 2),
        (602, 167, 15),
        (603, 832, 25),
        (604, 9, 25),
        (605, 474, 23),
        (606, 919, 25),
        (607, 140, 22),
        (608, 260, 22),
        (609, 674, 16),
        (610, 726, 5),
        (611, 963, 5),
        (612, 160, 9),
        (613, 237, 13),
        (614, 254, 22),
        (615, 270, 20),
        (616, 7, 25),
        (617, 662, 23),
        (618, 517, 14),
        (619, 597, 15),
        (620, 575, 13),
        (621, 949, 5),
        (622, 389, 9),
        (623, 207, 21),
        (624, 960, 17),
        (625, 714, 8),
        (626, 150, 9),
        (627, 399, 24),
        (628, 372, 10),
        (629, 549, 14),
        (630, 957, 1),
        (631, 168, 4),
        (632, 679, 7),
        (633, 461, 14),
        (634, 881, 1),
        (635, 953, 11),
        (636, 729, 24),
        (637, 753, 13),
        (638, 275, 5),
        (639, 991, 14),
        (640, 790, 11),
        (641, 781, 6),
        (642, 194, 30),
        (643, 909, 6),
        (644, 807, 21),
        (645, 252, 9),
        (646, 664, 21),
        (647, 774, 5),
        (648, 462, 17),
        (649, 739, 24),
        (650, 124, 9),
        (651, 602, 20),
        (652, 7, 4),
        (653, 595, 26),
        (654, 942, 10),
        (655, 950, 13),
        (656, 267, 4),
        (657, 204, 27),
        (658, 58, 6),
        (659, 626, 24),
        (660, 832, 15),
        (661, 858, 14),
        (662, 562, 14),
        (663, 982, 21),
        (664, 405, 11),
        (665, 935, 2),
        (666, 427, 29),
        (667, 720, 27),
        (668, 345, 2),
        (669, 201, 6),
        (670, 175, 22),
        (671, 177, 6),
        (672, 828, 23),
        (673, 175, 28),
        (674, 401, 2),
        (675, 929, 23),
        (676, 840, 12),
        (677, 54, 29),
        (678, 938, 2),
        (679, 824, 25),
        (680, 581, 21),
        (681, 253, 10),
        (682, 482, 25),
        (683, 246, 8),
        (684, 68, 22),
        (685, 795, 7),
        (686, 370, 4),
        (687, 40, 27),
        (688, 947, 7),
        (689, 85, 8),
        (690, 890, 7),
        (691, 494, 5),
        (692, 926, 27),
        (693, 525, 30),
        (694, 322, 23),
        (695, 586, 11),
        (696, 336, 29),
        (697, 973, 17),
        (698, 79, 10),
        (699, 967, 15),
        (700, 333, 1),
        (701, 137, 10),
        (702, 558, 19),
        (703, 859, 16),
        (704, 191, 12),
        (705, 327, 4),
        (706, 210, 20),
        (707, 635, 20),
        (708, 504, 5),
        (709, 212, 5),
        (710, 994, 19),
        (711, 401, 10),
        (712, 438, 15),
        (713, 892, 26),
        (714, 119, 2),
        (715, 425, 26),
        (716, 714, 25),
        (717, 433, 6),
        (718, 834, 11),
        (719, 523, 3),
        (720, 455, 24),
        (721, 109, 19),
        (722, 484, 5),
        (723, 128, 7),
        (724, 708, 30),
        (725, 109, 29),
        (726, 814, 20),
        (727, 97, 9),
        (728, 909, 12),
        (729, 977, 20),
        (730, 361, 5),
        (731, 3, 4),
        (732, 497, 11),
        (733, 699, 17),
        (734, 303, 18),
        (735, 230, 6),
        (736, 961, 23),
        (737, 99, 2),
        (738, 187, 1),
        (739, 403, 17),
        (740, 814, 2),
        (741, 105, 19),
        (742, 480, 26),
        (743, 751, 7),
        (744, 582, 2),
        (745, 529, 14),
        (746, 24, 25),
        (747, 761, 24),
        (748, 31, 2),
        (749, 305, 28),
        (750, 88, 13),
        (751, 75, 12),
        (752, 201, 15),
        (753, 258, 30),
        (754, 55, 22),
        (755, 367, 13),
        (756, 781, 8),
        (757, 648, 1),
        (758, 969, 20),
        (759, 282, 24),
        (760, 966, 8),
        (761, 858, 9),
        (762, 293, 22),
        (763, 658, 15),
        (764, 691, 4),
        (765, 999, 19),
        (766, 983, 1),
        (767, 450, 7),
        (768, 301, 29),
        (769, 10, 7),
        (770, 623, 27),
        (771, 279, 27),
        (772, 999, 27),
        (773, 45, 10),
        (774, 601, 26),
        (775, 873, 28),
        (776, 492, 8),
        (777, 505, 5),
        (778, 412, 1),
        (779, 579, 3),
        (780, 480, 29),
        (781, 293, 8),
        (782, 787, 4),
        (783, 905, 27),
        (784, 287, 10),
        (785, 520, 14),
        (786, 129, 18),
        (787, 828, 18),
        (788, 452, 10),
        (789, 337, 21),
        (790, 554, 10),
        (791, 402, 25),
        (792, 442, 11),
        (793, 380, 8),
        (794, 454, 18),
        (795, 945, 28),
        (796, 936, 5),
        (797, 917, 14),
        (798, 875, 30),
        (799, 504, 27),
        (800, 108, 18),
        (801, 189, 2),
        (802, 412, 12),
        (803, 752, 22),
        (804, 123, 1),
        (805, 282, 12),
        (806, 741, 3),
        (807, 175, 8),
        (808, 692, 7),
        (809, 108, 22),
        (810, 693, 22),
        (811, 41, 12),
        (812, 1, 22),
        (813, 164, 1),
        (814, 895, 17),
        (815, 450, 16),
        (816, 797, 1),
        (817, 102, 13),
        (818, 715, 10),
        (819, 910, 14),
        (820, 766, 19),
        (821, 166, 8),
        (822, 671, 26),
        (823, 816, 6),
        (824, 118, 27),
        (825, 480, 25),
        (826, 139, 16),
        (827, 403, 30),
        (828, 988, 17),
        (829, 626, 2),
        (830, 656, 16),
        (831, 545, 24),
        (832, 470, 10),
        (833, 155, 2),
        (834, 467, 13),
        (835, 789, 26),
        (836, 424, 29),
        (837, 209, 15),
        (838, 964, 23),
        (839, 290, 15),
        (840, 424, 3),
        (841, 606, 3),
        (842, 831, 1),
        (843, 755, 18),
        (844, 210, 11),
        (845, 212, 27),
        (846, 743, 9),
        (847, 128, 6),
        (848, 105, 4),
        (849, 923, 24),
        (850, 139, 23),
        (851, 946, 7),
        (852, 329, 6),
        (853, 705, 9),
        (854, 716, 6),
        (855, 591, 5),
        (856, 219, 2),
        (857, 326, 5),
        (858, 852, 29),
        (859, 632, 29),
        (860, 777, 2),
        (861, 804, 5),
        (862, 691, 24),
        (863, 766, 20),
        (864, 905, 5),
        (865, 146, 30),
        (866, 637, 24),
        (867, 125, 6),
        (868, 769, 2),
        (869, 349, 22),
        (870, 119, 14),
        (871, 854, 18),
        (872, 730, 16),
        (873, 762, 1),
        (874, 894, 17),
        (875, 60, 26),
        (876, 164, 14),
        (877, 819, 17),
        (878, 352, 28),
        (879, 373, 7),
        (880, 389, 15),
        (881, 849, 3),
        (882, 48, 14),
        (883, 453, 16),
        (884, 553, 25),
        (885, 458, 6),
        (886, 304, 22),
        (887, 924, 11),
        (888, 240, 3),
        (889, 647, 12),
        (890, 875, 8),
        (891, 792, 27),
        (892, 217, 23),
        (893, 119, 20),
        (894, 520, 16),
        (895, 86, 27),
        (896, 129, 16),
        (897, 473, 5),
        (898, 77, 11),
        (899, 298, 20),
        (900, 15, 10),
        (901, 30, 21),
        (902, 652, 26),
        (903, 984, 30),
        (904, 763, 12),
        (905, 30, 12),
        (906, 824, 21),
        (907, 500, 19),
        (908, 752, 24),
        (909, 524, 7),
        (910, 198, 12),
        (911, 920, 29),
        (912, 169, 18),
        (913, 870, 28),
        (914, 133, 8),
        (915, 220, 7),
        (916, 177, 18),
        (917, 660, 21),
        (918, 226, 9),
        (919, 24, 1),
        (920, 936, 1),
        (921, 25, 8),
        (922, 749, 1),
        (923, 40, 27),
        (924, 355, 11),
        (925, 100, 16),
        (926, 10, 30),
        (927, 749, 5),
        (928, 454, 19),
        (929, 767, 7),
        (930, 460, 2),
        (931, 545, 13),
        (932, 649, 13),
        (933, 586, 9),
        (934, 415, 15),
        (935, 326, 19),
        (936, 566, 2),
        (937, 748, 11),
        (938, 642, 30),
        (939, 559, 27),
        (940, 870, 28),
        (941, 224, 11),
        (942, 571, 1),
        (943, 142, 9),
        (944, 58, 20),
        (945, 516, 21),
        (946, 924, 10),
        (947, 105, 7),
        (948, 391, 22),
        (949, 980, 4),
        (950, 536, 19),
        (951, 123, 30),
        (952, 459, 25),
        (953, 114, 20),
        (954, 131, 11),
        (955, 153, 17),
        (956, 238, 5),
        (957, 434, 5),
        (958, 409, 7),
        (959, 642, 15),
        (960, 781, 1),
        (961, 459, 29),
        (962, 750, 27),
        (963, 45, 6),
        (964, 298, 1),
        (965, 184, 12),
        (966, 833, 22),
        (967, 822, 30),
        (968, 675, 14),
        (969, 643, 12),
        (970, 521, 29),
        (971, 458, 9),
        (972, 111, 15),
        (973, 561, 15),
        (974, 213, 26),
        (975, 35, 7),
        (976, 510, 21),
        (977, 805, 7),
        (978, 314, 27),
        (979, 745, 26),
        (980, 71, 11),
        (981, 923, 27),
        (982, 513, 8),
        (983, 395, 14),
        (984, 536, 21),
        (985, 630, 21),
        (986, 728, 29),
        (987, 992, 22),
        (988, 449, 26),
        (989, 392, 2),
        (990, 953, 17),
        (991, 72, 26),
        (992, 184, 24),
        (993, 57, 16),
        (994, 212, 9),
        (995, 265, 3),
        (996, 352, 10),
        (997, 217, 23),
        (998, 475, 10),
        (999, 714, 7),
        (1000, 99, 30);
insert into persons (id, first_name, last_name, email, code, phone, address_id)
values  (1, 'Jonas', '', 'mseymer0@printfriendly.com', '41309106638', '+352-275-626-2884', 774),
        (2, 'Lexie', 'Soar', 'lsoar1@bloomberg.com', '61906189544', '+62-775-648-5110', 467),
        (3, 'Kitty', 'Roggero', 'kroggero2@icq.com', '62106190720', '+86-879-483-4640', 308),
        (4, 'Maggi', 'Francesco', 'mfrancesco3@prweb.com', '51107251812', '+63-298-210-4933', 752),
        (6, 'Jennee', 'Darque', 'jdarque5@themeforest.net', '51608293053', '+63-289-337-7772', 772),
        (7, 'Jocko', 'Horning', 'jhorning6@illinois.edu', '33606189857', '+509-816-746-6190', 142),
        (8, 'Linzy', 'Hadlington', 'lhadlington7@linkedin.com', '3301010881', '+351-843-720-6610', 136),
        (9, 'Carmina', 'Unsworth', 'cunsworth8@cloudflare.com', '51107132542', '+62-660-207-1159', 264),
        (10, 'Raimundo', 'Powdrell', 'rpowdrell9@nba.com', '3200147011', '+234-754-439-7596', null),
        (11, 'Alana', 'Roxbee', 'aroxbeea@multiply.com', '51410224217', '+86-496-747-3348', 899),
        (12, 'Joniukas', 'Tenaunt', 'ptenauntb@latimes.com', '4570318630', '+967-307-691-6374', null),
        (13, 'Lara', 'Bedo', 'lbedoc@dell.com', '4240487210', '+53-885-621-8158', 283),
        (14, 'Norbie', 'Fortman', 'nfortmand@hugedomains.com', '6160286140', '+385-182-273-6233', null),
        (15, 'Denver', 'Kipling', 'dkiplinge@eepurl.com', '51601134964', '+33-620-618-3621', null),
        (16, 'Reuven', 'Disbrey', 'rdisbreyf@parallels.com', '51409208434', '+34-678-310-8344', 845),
        (17, 'Adriano', 'Golds', 'agoldsg@latimes.com', '32403132695', '+47-889-939-7682', null),
        (18, 'Tobiah', 'Garie', 'tgarieh@apple.com', '46408133299', '+63-863-665-3471', 593),
        (19, 'Rolph', 'Loughead', 'rlougheadi@gmpg.org', '35102281963', '+238-306-369-1267', 39),
        (20, 'Elfie', 'Raddan', 'eraddanj@businessinsider.com', '4110826541', '+86-178-903-1600', 715),
        (21, 'Homer', 'Kintzel', 'hkintzelk@netlog.com', '51109110885', '+86-288-283-1025', null),
        (22, 'Hubert', 'Leasor', 'hleasorl@unc.edu', '61403144031', '+86-367-982-2493', 61),
        (23, 'Marguerite', 'Laing', 'mlaingm@hhs.gov', '51012302906', '+33-539-356-5756', 813),
        (24, 'Seward', 'Willimot', 'swillimotn@phpbb.com', '33001318580', '+55-940-119-3707', 713),
        (25, 'Hersh', 'Yurtsev', 'hyurtsevo@globo.com', '45806282917', '+62-184-941-8112', 339),
        (26, 'Eleanor', 'Illyes', 'eillyesp@cbslocal.com', '51901247082', '+62-686-668-3524', 721),
        (27, 'Hubey', 'Jordin', 'hjordinq@pen.io', '4690198004', '+86-122-747-5768', null),
        (28, 'Elsa', 'Colliford', 'ecollifordr@gov.uk', '51603284892', '+62-463-659-7042', 679),
        (29, 'Malchy', 'Danilovic', 'mdanilovics@senate.gov', '5110483294', '+48-195-351-0921', 140),
        (30, 'Sanson', 'Caulcutt', 'scaulcuttt@nba.com', '34002133094', '+55-648-146-7764', null),
        (31, 'Arny', 'Edwick', 'aedwicku@privacy.gov.au', '4450837651', '+63-758-167-5963', null),
        (32, 'Glenden', 'Lowseley', 'glowseleyv@google.it', '61405205765', '+967-459-840-4135', null),
        (33, 'Tanner', 'Drews', 'tdrewsw@bravesites.com', '5150828710', '+62-937-288-0654', null),
        (34, 'Yard', 'Siseland', 'ysiselandx@jugem.jp', '37507159519', '+86-962-986-0951', null),
        (35, 'Bessy', 'Marler', 'bmarlery@gmpg.org', '62012130064', '+689-173-778-8469', 629),
        (36, 'Arthur', 'Borrott', 'aborrottz@ted.com', '61804152926', '+55-918-160-3254', null),
        (37, 'Tate', 'Gostall', 'tgostall10@amazonaws.com', '33308295999', '+55-863-612-4975', 849),
        (38, 'Joniukas', 'Todhunter', 'jtodhunter11@constantcontact.com', '35507153611', '+216-566-462-6938', 147),
        (39, 'Marlyn', 'Lander', 'mlander12@biglobe.ne.jp', '39501307592', '+62-529-777-7623', 847),
        (40, 'Mufi', 'Alkin', 'malkin13@epa.gov', '37102256663', '+60-703-253-8218', 884),
        (41, 'Alida', 'Jeffery', 'ajeffery14@google.es', '61105156704', '+63-120-107-6427', null),
        (42, 'Cicely', 'Soames', 'csoames15@unesco.org', '48412144421', '+48-514-211-0899', 723),
        (43, 'Rosa', 'Moy', 'rmoy16@360.cn', '47605179213', '+86-203-720-8516', 417),
        (44, 'Thoma', 'Birtchnell', 'tbirtchnell17@microsoft.com', '45905130988', '+48-250-970-6228', 45),
        (45, 'Timoteo', 'Penke', 'tpenke18@china.com.cn', '3110354561', '+55-688-276-0773', null),
        (46, 'Bjorn', 'Moir', 'bmoir19@home.pl', '6111284615', '+62-256-977-1358', 361),
        (47, 'Vivie', 'Purvey', 'vpurvey1a@ezinearticles.com', '6110885217', '+237-582-588-1174', 527),
        (48, 'Bailie', 'Datte', 'bdatte1b@wikimedia.org', '3421248020', '+53-698-552-0526', null),
        (49, 'Jayme', 'Crayker', 'jcrayker1c@nba.com', '48911175330', '+86-570-954-0213', 295),
        (50, 'Karim', 'Guyet', 'kguyet1d@unicef.org', '4450753228', '+62-637-496-5827', null),
        (51, 'Aylmer', 'Wadmore', 'awadmore1e@wiley.com', '43306292582', '+7-444-190-8043', 828),
        (52, 'Enoch', 'Yellep', 'eyellep1f@answers.com', '43707184337', '+1-713-461-4156', null),
        (53, 'Rozelle', 'MacCardle', 'rmaccardle1g@bizjournals.com', '31005119248', '+62-403-485-3714', null),
        (54, 'Ami', 'O''Fielly', 'aofielly1h@msn.com', '49202215371', '+7-296-369-3000', null),
        (55, 'Joceline', 'Gurner', 'jgurner1i@typepad.com', '5120675247', '+385-646-755-4167', null),
        (56, 'Pall', 'Pfaff', 'ppfaff1j@apache.org', '49006257072', '+55-448-806-7291', 103),
        (57, 'Brandais', 'Chainey', 'bchainey1k@liveinternet.ru', '48212228800', '+678-600-209-2306', 468),
        (58, 'Joannes', 'Dawby', 'jdawby1l@g.co', '5180294466', '+380-508-241-6416', null),
        (59, 'Wynny', 'Goodley', 'wgoodley1m@slashdot.org', '6180757675', '+86-122-921-2730', 95),
        (60, 'Ebba', 'Ridger', 'eridger1n@engadget.com', '61910148356', '+353-605-623-9733', null),
        (61, 'Germain', 'Dukelow', 'gdukelow1o@symantec.com', '43104115745', '+967-251-262-6923', 829),
        (62, 'Lou', 'Braxton', 'lbraxton1p@reverbnation.com', '6140959909', '+62-779-105-8864', null),
        (63, 'Dena', 'Drewry', 'ddrewry1q@exblog.jp', '51704270127', '+55-709-804-5594', null),
        (64, 'Rosemarie', 'Ruddock', 'rruddock1r@baidu.com', '61211147853', '+33-211-484-5260', null),
        (65, 'Claudelle', 'Ballay', 'cballay1s@hhs.gov', '61503166235', '+998-581-579-4250', 398),
        (66, 'Merle', 'Rathbone', 'mrathbone1t@yellowpages.com', '3951012536', '+57-261-924-9798', 707),
        (67, 'Jaimie', 'Catling', 'jcatling1u@discuz.net', '52105249411', '+86-214-253-7869', 505),
        (68, 'Mahmoud', 'Buckberry', 'mbuckberry1v@house.gov', '31507164814', '+30-914-861-5397', 372),
        (69, 'Van', 'Muat', 'vmuat1w@hubpages.com', '3681052386', '+1-757-791-3446', 561),
        (70, 'Lu', 'McNabb', 'lmcnabb1x@ezinearticles.com', '43605100945', '+351-320-781-9687', 715),
        (71, 'Brenden', 'Scrigmour', 'bscrigmour1y@foxnews.com', '4830760805', '+66-489-252-7316', null),
        (72, 'Teddie', 'Rosentholer', 'trosentholer1z@umn.edu', '41809185740', '+86-991-855-2359', 635),
        (73, 'Adoree', 'Simione', 'asimione20@vimeo.com', '52103191038', '+62-902-232-2729', 105),
        (74, 'Ailbert', 'Marton', 'amarton21@quantcast.com', '61207139393', '+86-748-146-3118', 733),
        (75, 'Cthrine', 'Estevez', 'cestevez22@nationalgeographic.com', '43608227349', '+54-589-949-0838', null),
        (76, 'Beauregard', 'Abthorpe', 'babthorpe23@dailymail.co.uk', '61202287211', '+63-895-840-2391', 240),
        (77, 'Nanci', 'Haglington', 'nhaglington24@gizmodo.com', '6100628586', '+507-121-732-2764', 84),
        (78, 'Opal', 'Claussen', 'oclaussen25@themeforest.net', '42305280739', '+63-682-190-9275', 14),
        (79, 'Laurent', 'Maycock', 'lmaycock26@studiopress.com', '34411168626', '+81-868-124-0758', 771),
        (80, 'Othella', 'Heikkinen', 'oheikkinen27@stumbleupon.com', '43702256275', '+234-268-141-4736', 289),
        (81, 'Pablo', 'Rountree', 'prountree28@wp.com', '4110872930', '+81-573-440-8003', 511),
        (82, 'Sallie', 'Burris', 'sburris29@google.com', '31012299605', '+86-991-302-8931', 807),
        (83, 'Fayette', 'Olliar', 'folliar2a@cornell.edu', '61004138921', '+63-611-705-8093', 703),
        (84, 'Clem', 'Matczak', 'cmatczak2b@trellian.com', '6171137022', '+299-171-586-0699', 779),
        (85, 'Jemmy', 'Deeming', 'jdeeming2c@bbc.co.uk', '48609133863', '+351-144-133-9241', 578),
        (86, 'Rouvin', 'Ranstead', 'rranstead2d@booking.com', '38303198707', '+62-390-117-6724', 420),
        (87, 'Woodie', 'Lambot', 'wlambot2e@comsenz.com', '35703129958', '+86-580-888-5349', 144),
        (88, 'Gerardo', 'Paramore', 'gparamore2f@virginia.edu', '61004164068', '+86-624-302-9209', 6),
        (89, 'Ferdinand', 'Messent', 'fmessent2g@goo.ne.jp', '61307119894', '+86-106-659-9164', 779),
        (90, 'Wynn', 'Morhall', 'wmorhall2h@google.es', '42011114408', '+381-992-275-1928', null),
        (91, 'Levin', 'Brantl', 'lbrantl2i@weibo.com', '44808237185', '+386-467-960-0673', 659),
        (92, 'Jimmy', 'Powys', 'jpowys2j@apache.org', '51704183344', '+351-580-770-2579', 488),
        (93, 'Darrell', 'Cowlin', 'dcowlin2k@hc360.com', '61912234578', '+1-205-590-3120', 471),
        (94, 'Nadean', 'Rawsthorne', 'nrawsthorne2l@uiuc.edu', '52006181665', '+7-704-699-4910', 579),
        (95, 'Ilysa', 'Oloman', 'ioloman2m@over-blog.com', '61108153494', '+33-719-682-5941', 893),
        (96, 'Mora', 'Vegas', 'mvegas2n@discuz.net', '62007110236', '+33-879-772-1268', 827),
        (97, 'Ginevra', 'Bartram', 'gbartram2o@meetup.com', '62108240386', '+1-408-435-1346', 268),
        (98, 'Rab', 'Ballchin', 'rballchin2p@aol.com', '4380196193', '+33-681-524-7355', 219),
        (99, 'Katharyn', 'Craig', 'kcraig2q@statcounter.com', '31307300656', '+55-631-803-6360', 99),
        (100, 'Allie', 'Farndale', 'afarndale2r@elpais.com', '37209244200', '+1-864-830-0410', null),
        (101, 'Alene', 'Bondley', 'abondley2s@jiathis.com', '61103293500', '+504-879-699-6909', 252),
        (102, 'Rouvin', 'Edmott', 'redmott2t@wordpress.org', '43705277768', '+7-938-416-0786', null),
        (103, 'Ardra', 'Richin', 'arichin2u@elpais.com', '51604267949', '+420-250-323-8267', 180),
        (104, 'Valdemar', 'Crighton', 'vcrighton2v@canalblog.com', '61101290161', '+86-209-510-6725', null),
        (105, 'Carling', 'Lantoph', 'clantoph2w@imdb.com', '4260397702', '+1-301-512-0249', null),
        (106, 'Aura', 'Botcherby', 'abotcherby2x@digg.com', '61001215747', '+63-360-171-1155', 840),
        (107, 'Rina', 'Conville', 'rconville2y@jimdo.com', '37609224125', '+57-782-314-0098', 256),
        (108, 'Mei', 'Kippax', 'mkippax2z@illinois.edu', '61103196226', '+48-945-733-6954', null),
        (109, 'Rhodie', 'Taffarello', 'rtaffarello30@mit.edu', '31304180089', '+49-189-981-5297', 259),
        (110, 'June', 'Ortelt', 'jortelt31@umn.edu', '45601264631', '+63-947-696-7694', 419),
        (111, 'Skipton', 'Woodroff', 'swoodroff32@businesswire.com', '51210250162', '+81-683-982-6621', null),
        (112, 'Shay', 'Mityakov', 'smityakov33@springer.com', '5161055630', '+55-117-478-2425', null),
        (113, 'Ellie', 'Poskitt', 'eposkitt34@techcrunch.com', '31902231390', '+81-177-339-1735', null),
        (114, 'Beatrice', 'Burdge', 'bburdge35@odnoklassniki.ru', '4380699433', '+82-643-250-8745', 810),
        (115, 'Kippie', 'Marlowe', 'kmarlowe36@latimes.com', '5150935103', '+62-642-585-9012', null),
        (116, 'Torey', 'Gercken', 'tgercken37@answers.com', '38008115970', '+95-559-509-1176', null),
        (117, 'Nadeen', 'Scorrer', 'nscorrer38@soup.io', '39309242302', '+351-583-344-4939', 730),
        (118, 'Christiane', 'Brisco', 'cbrisco39@umn.edu', '32010106762', '+62-944-849-4680', null),
        (119, 'Melly', 'Stollhofer', 'mstollhofer3a@aol.com', '61408305882', '+55-265-199-5652', 552),
        (120, 'Danie', 'Mullis', 'dmullis3b@umn.edu', '52008172010', '+7-586-539-7059', 419),
        (121, 'Riannon', 'Hurcombe', 'rhurcombe3c@japanpost.jp', '48503307788', '+86-997-750-2268', 633),
        (122, 'Torrey', 'Gummary', 'tgummary3d@miibeian.gov.cn', '51403103473', '+263-316-779-8534', null),
        (123, 'Temple', 'Ahrend', 'tahrend3e@ft.com', '61104199767', '+62-210-606-5996', null),
        (124, 'Willette', 'Rockhill', 'wrockhill3f@flavors.me', '51609139388', '+34-725-164-8004', 334),
        (125, 'Frederic', 'Vasilov', 'fvasilov3g@reverbnation.com', '43303121259', '+358-187-720-3472', 626),
        (126, 'Matelda', 'Hlavac', 'mhlavac3h@omniture.com', '52107243830', '+86-139-325-2446', 725),
        (127, 'Derrick', 'Tourmell', 'dtourmell3i@unesco.org', '61209247081', '+234-849-968-5118', 555),
        (128, 'Conway', 'Goodfellowe', 'cgoodfellowe3j@gov.uk', '51809199866', '+81-803-743-8091', 269),
        (129, 'Geri', 'Denison', 'gdenison3k@altervista.org', '52005165487', '+63-702-859-4114', 731),
        (130, 'Valery', 'Brierley', 'vbrierley3l@delicious.com', '32204253115', '+51-511-563-0617', 765),
        (131, 'Caye', 'Skally', 'cskally3m@cam.ac.uk', '4250794761', '+93-670-854-8491', 782),
        (132, 'Colleen', 'O''Regan', 'coregan3n@sfgate.com', '4401127720', '+7-293-701-4745', 602),
        (133, 'Nefen', 'Temblett', 'ntemblett3o@scientificamerican.com', '5100222875', '+265-415-447-0989', 185),
        (134, 'Quinn', 'Lufkin', 'qlufkin3p@abc.net.au', '38807265812', '+963-129-375-5692', 203),
        (135, 'Wolfgang', 'Braun', 'wbraun3q@cdbaby.com', '4140834119', '+81-298-994-0732', null),
        (136, 'Brandon', 'Klimas', 'bklimas3r@cnet.com', '43707209085', '+86-213-741-5014', null),
        (137, 'Gratia', 'Brigge', 'gbrigge3s@slashdot.org', '42404190713', '+86-390-259-2824', 561),
        (138, 'Shari', 'Kember', 'skember3t@webmd.com', '49811199137', '+967-216-136-7504', null),
        (139, 'Joniukas', 'Spriggin', 'jspriggin3u@sakura.ne.jp', '61412113552', '+86-158-343-1570', null),
        (140, 'Emery', 'Shadrach', 'eshadrach3v@abc.net.au', '51012243988', '+1-552-248-1010', 37),
        (141, 'Alessandro', 'Crossgrove', 'acrossgrove3w@aboutads.info', '61506222518', '+963-334-782-5980', null),
        (142, 'Allyson', 'Matzen', 'amatzen3x@theguardian.com', '3650414451', '+504-278-705-8155', 478),
        (143, 'Walsh', 'Mordacai', 'wmordacai3y@yale.edu', '3650516622', '+51-605-804-7704', 704),
        (144, 'Ezechiel', 'Trahair', 'etrahair3z@technorati.com', '5170119947', '+86-396-401-1060', 693),
        (145, 'Winnie', 'Goodisson', 'wgoodisson40@google.cn', '41306205915', '+66-889-447-5673', 356),
        (146, 'Alessandra', 'Assandri', 'aassandri41@feedburner.com', '62001253870', '+359-673-558-1051', 656),
        (147, 'Gareth', 'Rawlence', 'grawlence42@photobucket.com', '51209298814', '+55-339-651-1522', 129),
        (148, 'Cayla', 'Mawman', 'cmawman43@stumbleupon.com', '3150464682', '+53-538-617-8653', null),
        (149, 'Percival', 'Ingleton', 'pingleton44@state.gov', '44712111919', '+63-913-604-8991', null),
        (150, 'Fifi', 'Sikora', 'fsikora45@oaic.gov.au', '46709302615', '+880-554-877-0479', 342),
        (151, 'Danie', 'Raitt', 'draitt46@wired.com', '52106161266', '+63-575-228-5104', null),
        (152, 'Lois', 'Batecok', 'lbatecok47@tinyurl.com', '52112139392', '+51-104-217-8696', 426),
        (153, 'Parke', 'Edelmann', 'pedelmann48@goo.gl', '33310114806', '+351-548-811-1820', 674),
        (154, 'Frederich', 'Elsby', 'felsby49@craigslist.org', '61012198936', '+375-828-174-1577', 562),
        (155, 'Mordecai', 'Kettleson', 'mkettleson4a@jimdo.com', '51603316169', '+353-870-631-0018', 357),
        (156, 'Myra', 'Wooster', 'mwooster4b@ucoz.ru', '61912173868', '+86-468-860-8990', null),
        (157, 'Adams', 'Shingles', 'ashingles4c@seattletimes.com', '62102118121', '+86-934-927-6153', 495),
        (158, 'Nehemiah', 'Spohrmann', 'nspohrmann4d@wordpress.org', '51707227431', '+33-251-312-8553', 114),
        (159, 'Melisse', 'de Copeman', 'mdecopeman4e@parallels.com', '3660368982', '+62-898-817-3852', null),
        (160, 'Cordell', 'Butten', 'cbutten4f@odnoklassniki.ru', '44401170812', '+55-965-850-3521', null),
        (161, 'Abby', 'Cunnah', 'acunnah4g@digg.com', '6211212230', '+62-890-593-1645', null),
        (162, 'Nadeen', 'Blagden', 'nblagden4h@quantcast.com', '37503185910', '+381-804-258-7552', null),
        (163, 'Maren', 'Scole', 'mscole4i@dion.ne.jp', '51707232412', '+7-222-227-3651', null),
        (164, 'Rosene', 'Kellog', 'rkellog4j@hibu.com', '61610173601', '+30-938-532-8177', null),
        (165, 'Amabel', 'Grealy', 'agrealy4k@epa.gov', '3400420412', '+507-462-915-2816', 801),
        (166, 'Heall', 'Brehaut', 'hbrehaut4l@epa.gov', '3880547991', '+86-235-861-8293', 86),
        (167, 'Dal', 'Kordes', 'dkordes4m@columbia.edu', '3250435675', '+86-157-694-0102', null),
        (168, 'Barrie', 'Hardington', 'bhardington4n@bbb.org', '61404147639', '+86-742-607-1370', null),
        (169, 'Robina', 'Ivantyev', 'rivantyev4o@netlog.com', '61602213915', '+48-947-973-0220', 353),
        (170, 'Rodrigo', 'Kynder', 'rkynder4p@wordpress.com', '44909224096', '+48-159-707-5951', null),
        (171, 'Nevile', 'Gianettini', 'ngianettini4q@twitpic.com', '61111228584', '+86-148-570-2640', 282),
        (172, 'Norton', 'Lauxmann', 'nlauxmann4r@time.com', '5181225591', '+380-262-250-2374', 454),
        (173, 'Cirilo', 'Grut', 'cgrut4s@studiopress.com', '51602277593', '+61-364-823-3422', 603),
        (174, 'Rafe', 'Flucker', 'rflucker4t@umich.edu', '6100692482', '+86-114-142-2502', 723),
        (175, 'Camellia', 'Saiger', 'csaiger4u@comsenz.com', '6160571984', '+62-415-233-2179', 189),
        (176, 'Lavinie', 'Willingale', 'lwillingale4v@bbc.co.uk', '6110322716', '+975-475-295-4361', 120),
        (177, 'Elfie', 'Simonetto', 'esimonetto4w@booking.com', '35507206675', '+234-318-426-6931', null),
        (178, 'Shoshana', 'Aronow', 'saronow4x@imgur.com', '43607231546', '+352-214-915-2360', null),
        (179, 'Evvie', 'Simester', 'esimester4y@delicious.com', '31009156454', '+98-449-827-6560', null),
        (180, 'Sisile', 'Cudiff', 'scudiff4z@cafepress.com', '5111280909', '+62-274-100-8129', 683),
        (181, 'Ester', 'Joblin', 'ejoblin50@infoseek.co.jp', '49908240851', '+62-438-470-5714', 503),
        (182, 'Dominga', 'Waszczyk', 'dwaszczyk51@netscape.com', '61503195603', '+86-785-596-5083', 218),
        (183, 'Dasi', 'Usmar', 'dusmar52@google.co.jp', '6100892380', '+86-154-977-8076', null),
        (184, 'Cara', 'Pummell', 'cpummell53@slideshare.net', '61507265271', '+386-909-611-6330', 103),
        (185, 'Jannel', 'Clelle', 'jclelle54@comcast.net', '3160540990', '+62-562-807-4699', 160),
        (186, 'Renae', 'Dunbabin', 'rdunbabin55@canalblog.com', '5190465183', '+7-310-984-5006', null),
        (187, 'Kit', 'Derl', 'kderl56@dailymotion.com', '51210111396', '+63-597-155-0335', null),
        (188, 'Freeland', 'Bail', 'fbail57@reverbnation.com', '5120968479', '+62-468-743-1398', 541),
        (189, 'Gilberte', 'D''Cruze', 'gdcruze58@jimdo.com', '51605271868', '+86-359-805-4053', null),
        (190, 'Reiko', 'Jerromes', 'rjerromes59@jigsy.com', '51609101002', '+353-983-323-0713', 529),
        (191, 'Archaimbaud', 'Kellitt', 'akellitt5a@google.es', '31904125405', '+351-552-216-0427', 110),
        (192, 'Rayna', 'Gotch', 'rgotch5b@cbsnews.com', '48504195894', '+86-364-371-5706', null),
        (193, 'Derick', 'Priest', 'dpriest5c@dmoz.org', '6170284101', '+55-485-872-6653', null),
        (194, 'Sena', 'Kildea', 'skildea5d@simplemachines.org', '5101092538', '+963-891-661-9143', 688),
        (195, 'Emmery', 'Beckworth', 'ebeckworth5e@goo.ne.jp', '6160591921', '+86-705-439-7296', null),
        (196, 'Bibbie', 'Vlach', 'bvlach5f@google.de', '34406164209', '+62-420-362-0784', null),
        (197, 'Mab', 'Kitchinham', 'mkitchinham5g@canalblog.com', '44209134715', '+63-217-495-7795', 786),
        (198, 'Patricia', 'Attle', 'pattle5h@jigsy.com', '43811185164', '+92-714-688-1712', null),
        (199, 'Eva', 'Kneller', 'ekneller5i@ftc.gov', '45602253281', '+62-125-839-6233', 598),
        (200, 'Nerti', 'Hoovart', 'nhoovart5j@webs.com', '44912257864', '+226-239-683-2913', 202),
        (201, 'Tymothy', 'Dumphries', 'tdumphries5k@dmoz.org', '37308192901', '+218-680-397-3149', 863),
        (202, 'Kathy', 'O''Donnelly', 'kodonnelly5l@jiathis.com', '37307138678', '+63-443-386-3977', 28),
        (203, 'Claudia', 'Fallis', 'cfallis5m@amazonaws.com', '31211260338', '+48-363-311-7727', 836),
        (204, 'Alverta', 'Sheerman', 'asheerman5n@amazonaws.com', '61410299749', '+299-525-690-7856', null),
        (205, 'Wenda', 'Blonfield', 'wblonfield5o@taobao.com', '3120779392', '+598-230-258-9691', null),
        (206, 'Mavra', 'Atger', 'matger5p@infoseek.co.jp', '6200955260', '+593-159-346-1034', 779),
        (207, 'Aubrette', 'Puttergill', 'aputtergill5q@cbsnews.com', '3890527022', '+66-438-753-9634', 711),
        (208, 'Gaylor', 'Gounin', 'ggounin5r@bigcartel.com', '51201212173', '+46-713-180-2474', 693),
        (209, 'Delcina', 'Deppe', 'ddeppe5s@miibeian.gov.cn', '32011187717', '+54-267-971-0799', null),
        (210, 'Iain', 'Rawood', 'irawood5t@icq.com', '51806279172', '+505-857-875-9682', 481),
        (211, 'Chicky', 'Boner', 'cboner5u@accuweather.com', '6161231927', '+7-617-989-4820', null),
        (212, 'Janaye', 'Yarrell', 'jyarrell5v@mashable.com', '61207158007', '+86-953-972-6978', 110),
        (213, 'Ina', 'Fairholm', 'ifairholm5w@webs.com', '51908309373', '+62-757-292-6710', 265),
        (214, 'Sibylla', 'Gairdner', 'sgairdner5x@devhub.com', '51404237397', '+86-438-588-2690', 534),
        (215, 'Isador', 'Cherry', 'icherry5y@mit.edu', '3440269374', '+86-382-110-2735', 709),
        (216, 'Kerk', 'Dashwood', 'kdashwood5z@vimeo.com', '46104286321', '+63-355-160-5321', 361),
        (217, 'Jonathan', 'Woolley', 'jwoolley60@opera.com', '35403146821', '+1-814-294-0803', 252),
        (218, 'Gianni', 'Mum', 'gmum61@utexas.edu', '33805219103', '+86-737-631-7701', 186),
        (219, 'Fallon', 'Huthart', 'fhuthart62@jimdo.com', '62108288773', '+86-462-513-2328', 330),
        (220, 'Hillard', 'Cheke', 'hcheke63@squidoo.com', '5200866199', '+86-931-755-3852', null),
        (221, 'Jo', 'Stone Fewings', 'jstonefewings64@shinystat.com', '61003197703', '+86-637-894-5751', 256),
        (222, 'Antonino', 'Patrie', 'apatrie65@ucoz.com', '61801155472', '+86-286-871-7628', 439),
        (223, 'Lowell', 'Kinloch', 'lkinloch66@washingtonpost.com', '3260336169', '+62-234-397-4104', null),
        (224, 'Noah', 'Graves', 'ngraves67@nymag.com', '31710250050', '+30-222-747-2578', 332),
        (225, 'Duffie', 'Fane', 'dfane68@last.fm', '37801120825', '+49-977-495-4734', 166),
        (226, 'Lena', 'Florentine', 'lflorentine69@hao123.com', '47603312000', '+48-415-650-6570', 87),
        (227, 'Elga', 'Slowly', 'eslowly6a@lycos.com', '51007260378', '+51-292-104-4539', 892),
        (228, 'Urson', 'Purselowe', 'upurselowe6b@mozilla.com', '62008119633', '+62-295-949-0502', 215),
        (229, 'Richardo', 'Fears', 'rfears6c@eventbrite.com', '6150384819', '+86-862-829-6857', null),
        (230, 'Elli', 'Secrett', 'esecrett6d@goo.ne.jp', '4770173113', '+45-886-302-8912', 122),
        (231, 'Zacharias', 'Berkeley', 'zberkeley6e@yolasite.com', '36905300219', '+62-227-848-6920', 835),
        (232, 'Norah', 'Bouch', 'nbouch6f@cpanel.net', '51908172711', '+30-871-597-2454', 72),
        (233, 'Antons', 'Getty', 'agetty6g@barnesandnoble.com', '39908246919', '+98-737-914-8472', null),
        (234, 'Darcee', 'Dismore', 'ddismore6h@webs.com', '3980732413', '+86-426-436-0379', 426),
        (235, 'Aguste', 'Penton', 'apenton6i@blogspot.com', '51602161977', '+86-847-758-7295', 651),
        (236, 'Roderick', 'Clubbe', 'rclubbe6j@narod.ru', '48110164209', '+212-124-776-9011', 415),
        (237, 'Georgena', 'Luckwell', 'gluckwell6k@360.cn', '38901258886', '+961-852-844-6474', 275),
        (238, 'Nancee', 'Dicky', 'ndicky6l@gov.uk', '45408118873', '+86-553-925-7368', null),
        (239, 'Madge', 'Huton', 'mhuton6m@craigslist.org', '51709209703', '+255-543-719-6347', 133),
        (240, 'Erich', 'Canape', 'ecanape6n@google.es', '42309189773', '+86-178-689-2557', 282),
        (241, 'Cassey', 'Ingram', 'cingram6o@stanford.edu', '4181110238', '+225-453-774-6423', 70),
        (242, 'Rania', 'Mucklestone', 'rmucklestone6p@discovery.com', '6180653460', '+359-745-837-7667', 574),
        (243, 'Babbette', 'Domenget', 'bdomenget6q@mysql.com', '3141170336', '+84-587-738-2286', null),
        (244, 'Milly', 'Paddick', 'mpaddick6r@phoca.cz', '51005170627', '+84-173-450-5699', 669),
        (245, 'Merl', 'McFaul', 'mmcfaul6s@wix.com', '48011304467', '+46-248-276-4983', 270),
        (246, 'Cam', 'Abdee', 'cabdee6t@hc360.com', '62104178614', '+93-461-467-1648', 451),
        (247, 'Brant', 'Hamberston', 'bhamberston6u@edublogs.org', '42108159991', '+963-559-336-7665', null),
        (248, 'Christabella', 'Vittori', 'cvittori6v@last.fm', '5210881148', '+86-547-309-4222', 418),
        (249, 'Adella', 'Dabinett', 'adabinett6w@youtube.com', '51708190930', '+81-351-234-9381', 766),
        (250, 'Charmine', 'Brandts', 'cbrandts6x@mashable.com', '31308262736', '+992-742-161-4312', 812),
        (251, 'Bing', 'Champney', 'bchampney6y@hud.gov', '3220146667', '+54-331-794-8345', null),
        (252, 'Briant', 'Micklewright', 'bmicklewright6z@sun.com', '4571296163', '+34-612-227-2490', 644),
        (253, 'Kasey', 'Charnley', 'kcharnley70@meetup.com', '61102156320', '+81-111-277-3318', 842),
        (254, 'Allie', 'Huckel', 'ahuckel71@tinypic.com', '51209223812', '+66-402-771-2951', null),
        (255, 'Luigi', 'Betteridge', 'lbetteridge72@japanpost.jp', '52105141404', '+352-546-309-6318', null),
        (256, 'Nell', 'Quiddihy', 'nquiddihy73@ameblo.jp', '47511215335', '+504-609-817-9619', 473),
        (257, 'Frederica', 'Victory', 'fvictory74@ed.gov', '35203269222', '+62-737-701-3582', 654),
        (258, 'Wernher', 'Gawler', 'wgawler75@youku.com', '61608184105', '+7-798-562-7220', 592),
        (259, 'Joella', 'Purseglove', 'jpurseglove76@scribd.com', '5111052728', '+62-604-357-4436', 138),
        (260, 'Dale', 'Shapira', 'dshapira77@free.fr', '4170917210', '+55-593-961-4916', 647),
        (261, 'Heriberto', 'Strauss', 'hstrauss78@miibeian.gov.cn', '51405127256', '+7-201-516-0669', null),
        (262, 'Steward', 'Ruddoch', 'sruddoch79@upenn.edu', '51507168089', '+81-143-257-2825', 130),
        (263, 'Olivier', 'Landall', 'olandall7a@simplemachines.org', '4450516937', '+81-254-191-1460', 292),
        (264, 'Dody', 'Suff', 'dsuff7b@netscape.com', '52006265016', '+1-713-490-6282', 152),
        (265, 'Orsa', 'Gobell', 'ogobell7c@360.cn', '5180830933', '+235-988-668-0230', 738),
        (266, 'Linell', 'Thorndale', 'lthorndale7d@arizona.edu', '44302153702', '+86-150-324-9409', 633),
        (267, 'Diane-marie', 'Polland', 'dpolland7e@a8.net', '37405267995', '+7-946-715-9825', 848),
        (268, 'Ottilie', 'Gouinlock', 'ogouinlock7f@ifeng.com', '4900692133', '+86-182-326-1173', null),
        (269, 'Gretal', 'Lilly', 'glilly7g@go.com', '3240463488', '+55-614-548-7136', null),
        (270, 'Frazer', 'Rosgen', 'frosgen7h@a8.net', '3650363110', '+63-807-831-9482', null),
        (271, 'Becca', 'Wateridge', 'bwateridge7i@vistaprint.com', '61605285630', '+98-497-430-8832', 494),
        (272, 'Gianna', 'Connechie', 'gconnechie7j@webnode.com', '61312271102', '+62-406-374-6172', null),
        (273, 'Pen', 'Eskell', 'peskell7k@java.com', '47407106369', '+55-636-401-0997', null),
        (274, 'Giustina', 'Cornford', 'gcornford7l@harvard.edu', '35205177812', '+976-696-245-4625', null),
        (275, 'Xena', 'Zeplin', 'xzeplin7m@marketwatch.com', '3190462739', '+31-727-494-2803', 525),
        (276, 'Devland', 'Le Maitre', 'dlemaitre7n@usgs.gov', '45912118534', '+420-106-986-5162', 738),
        (277, 'Cammy', 'Lothlorien', 'clothlorien7o@weebly.com', '4301174641', '+61-605-670-4321', null),
        (278, 'Kendrick', 'Kaas', 'kkaas7p@cyberchimps.com', '4810289837', '+7-797-971-5860', 709),
        (279, 'Natividad', 'Brittan', 'nbrittan7q@mysql.com', '51106228475', '+86-326-916-1823', null),
        (280, 'Melitta', 'Lavender', 'mlavender7r@statcounter.com', '51204229669', '+63-880-980-6561', null),
        (281, 'Waring', 'Monument', 'wmonument7s@independent.co.uk', '61811257394', '+33-902-968-8553', null),
        (282, 'Valle', 'Penhaligon', 'vpenhaligon7t@vk.com', '3181044358', '+94-800-408-6442', 490),
        (283, 'Morissa', 'Finney', 'mfinney7u@chronoengine.com', '4260140187', '+62-931-152-8564', null),
        (284, 'Jamill', 'Dawbury', 'jdawbury7v@cam.ac.uk', '61502129669', '+598-397-481-8967', null),
        (285, 'Maud', 'Bunker', 'mbunker7w@marketwatch.com', '43710252000', '+385-857-974-3223', 431),
        (286, 'Godiva', 'Radclyffe', 'gradclyffe7x@cargocollective.com', '51308275966', '+595-861-535-8264', 441),
        (287, 'Willy', 'Robic', 'wrobic7y@narod.ru', '61712157753', '+63-947-121-4533', 716),
        (288, 'Jennica', 'Charleston', 'jcharleston7z@wikispaces.com', '3400940333', '+7-379-607-1051', 236),
        (289, 'Opal', 'McKelvey', 'omckelvey80@ezinearticles.com', '39212172169', '+57-997-237-8423', null),
        (290, 'Stu', 'Haffenden', 'shaffenden81@clickbank.net', '43311279197', '+86-370-371-2436', null),
        (291, 'Matthias', 'Udden', 'mudden82@free.fr', '36012292195', '+7-916-458-5421', null),
        (292, 'Gretta', 'Gainfort', 'ggainfort83@stumbleupon.com', '61405250204', '+371-465-629-5204', null),
        (293, 'Willy', 'Androletti', 'wandroletti84@ftc.gov', '4920138179', '+970-627-136-4960', null),
        (294, 'Normy', 'Venables', 'nvenables85@imageshack.us', '32708149329', '+30-622-202-0565', 13),
        (295, 'Lennie', 'Petru', 'lpetru86@answers.com', '51201200493', '+92-147-991-2111', 255),
        (296, 'Cal', 'Keyes', 'ckeyes87@e-recht24.de', '51003314836', '+46-621-764-5428', 223),
        (297, 'Nevins', 'Gimber', 'ngimber88@salon.com', '35102207664', '+242-957-542-1555', 781),
        (298, 'Reube', 'Hennemann', 'rhennemann89@wikispaces.com', '51503242553', '+598-808-730-1759', 741),
        (299, 'Alberta', 'Thow', 'athow8a@psu.edu', '3650119016', '+46-244-988-5615', 191),
        (300, 'Claresta', 'Adamik', 'cadamik8b@artisteer.com', '3680126302', '+375-200-228-0901', 896),
        (301, 'Harwilll', 'Standring', 'hstandring8c@guardian.co.uk', '36006125755', '+237-938-986-4960', 308),
        (302, 'Hernando', 'Coltart', 'hcoltart8d@networkadvertising.org', '34311281865', '+268-914-323-1814', 227),
        (303, 'Gaylor', 'Gladbach', 'ggladbach8e@privacy.gov.au', '5110310453', '+1-503-377-0647', 177),
        (304, 'Winna', 'Wallenger', 'wwallenger8f@tiny.cc', '5100347979', '+62-891-837-7509', 157),
        (305, 'Ulrike', 'Stanborough', 'ustanborough8g@macromedia.com', '51809180310', '+420-206-819-8453', 870),
        (306, 'Shanna', 'Lundbeck', 'slundbeck8h@mediafire.com', '61911248458', '+963-224-868-5848', 432),
        (307, 'Elvis', 'Penke', 'epenke8i@yandex.ru', '36603262505', '+30-689-950-2988', null),
        (308, 'Flossy', 'Loadsman', 'floadsman8j@wufoo.com', '4890939376', '+1-301-244-1693', 249),
        (309, 'Saree', 'MacKibbon', 'smackibbon8k@mtv.com', '3531168145', '+86-593-253-6348', 798),
        (310, 'Marcus', 'Kunath', 'mkunath8l@imdb.com', '51802123740', '+975-728-590-9458', null),
        (311, 'Anabelle', 'Josiah', 'ajosiah8m@patch.com', '51301231458', '+81-894-707-5965', 151),
        (312, 'Skippie', 'Haswall', 'shaswall8n@mozilla.com', '3610974916', '+54-187-497-3909', 537),
        (313, 'Aland', 'Debnam', 'adebnam8o@berkeley.edu', '44303151724', '+506-419-883-5613', 291),
        (314, 'Ban', 'Lethebridge', 'blethebridge8p@trellian.com', '61301303318', '+86-709-515-2993', 241),
        (315, 'Walton', 'Speirs', 'wspeirs8q@uiuc.edu', '52003267589', '+56-178-315-5213', 202),
        (316, 'Selestina', 'Birkhead', 'sbirkhead8r@myspace.com', '6140348617', '+55-993-261-7225', null),
        (317, 'Dud', 'Hearn', 'dhearn8s@wiley.com', '4250220474', '+86-255-675-0983', null),
        (318, 'Jaquelyn', 'Shobbrook', 'jshobbrook8t@nih.gov', '61404110551', '+86-817-636-8603', 836),
        (319, 'Charmane', 'Titman', 'ctitman8u@whitehouse.gov', '3180381516', '+1-615-744-9514', null),
        (320, 'Sayre', 'Graalman', 'sgraalman8v@cargocollective.com', '47309121357', '+53-330-455-4452', 886),
        (321, 'Tamqrah', 'Chester', 'tchester8w@liveinternet.ru', '6181219448', '+51-447-372-7072', null),
        (322, 'Valle', 'Pimlock', 'vpimlock8x@live.com', '31209299118', '+51-647-824-4403', 390),
        (323, 'Wakefield', 'Gubbins', 'wgubbins8y@thetimes.co.uk', '51801174511', '+60-266-461-6782', 294),
        (324, 'Jamesy', 'Winward', 'jwinward8z@t.co', '61512277049', '+86-407-984-6419', 219),
        (325, 'Marleah', 'Raithmill', 'mraithmill90@cocolog-nifty.com', '5141046149', '+372-983-529-1872', 471),
        (326, 'Tomasina', 'Farran', 'tfarran91@google.ca', '61303101445', '+84-772-826-2217', 564),
        (327, 'Henriette', 'Aronowitz', 'haronowitz92@weebly.com', '5210994536', '+62-706-192-4014', 763),
        (328, 'Britta', 'Macguire', 'bmacguire93@jimdo.com', '52111159993', '+591-252-581-5326', null),
        (329, 'Jessika', 'Foskett', 'jfoskett94@photobucket.com', '44105165315', '+1-334-631-2935', null),
        (330, 'Mufinella', 'Logue', 'mlogue95@nbcnews.com', '44701273192', '+1-896-213-7556', null),
        (331, 'Moll', 'Sallter', 'msallter96@illinois.edu', '43901196611', '+81-579-960-4116', 708),
        (332, 'Loraine', 'MacElholm', 'lmacelholm97@free.fr', '48109268222', '+20-153-888-4108', 744),
        (333, 'Rivalee', 'Gratrex', 'rgratrex98@squarespace.com', '6140946451', '+269-885-719-6384', 771),
        (334, 'Ameline', 'Hunn', 'ahunn99@ftc.gov', '52004207155', '+98-939-460-6833', 74),
        (335, 'Josepha', 'Mithun', 'jmithun9a@vinaora.com', '6150273350', '+62-686-988-4715', 876),
        (336, 'Kendall', 'Garfath', 'kgarfath9b@uol.com.br', '51904303489', '+48-952-107-5822', 719),
        (337, 'Tommy', 'Gundry', 'tgundry9c@baidu.com', '5151238409', '+98-123-834-8723', null),
        (338, 'Rickie', 'Tuite', 'rtuite9d@gov.uk', '61601248317', '+387-184-329-4899', 399),
        (339, 'Ravi', 'Bulward', 'rbulward9e@time.com', '31508196432', '+351-865-817-8176', 836),
        (340, 'Diego', 'Bramich', 'dbramich9f@ox.ac.uk', '6130655431', '+234-193-115-8435', 453),
        (341, 'Blair', 'Alvaro', 'balvaro9g@google.com.br', '4310327685', '+1-559-649-4823', null),
        (342, 'Shell', 'McCrohon', 'smccrohon9h@creativecommons.org', '61009268721', '+375-585-634-9567', 359),
        (343, 'Tamarra', 'Gibbens', 'tgibbens9i@ucla.edu', '6160667680', '+965-715-854-8476', 491),
        (344, 'Isidoro', 'Gaiger', 'igaiger9j@amazon.de', '51303259511', '+234-571-141-9144', null),
        (345, 'Alon', 'Handslip', 'ahandslip9k@apple.com', '44505172791', '+63-334-145-3301', 208),
        (346, 'Duane', 'Sommerville', 'dsommerville9l@topsy.com', '61202218957', '+268-131-468-0155', null),
        (347, 'Brenna', 'Shaughnessy', 'bshaughnessy9m@fda.gov', '5191178167', '+212-444-652-3619', 146),
        (348, 'Donetta', 'Emnoney', 'demnoney9n@baidu.com', '34803287119', '+46-803-315-4812', 787),
        (349, 'Garreth', 'Fairpool', 'gfairpool9o@godaddy.com', '43407229032', '+62-483-254-9883', 310),
        (350, 'Celestyna', 'Cregeen', 'ccregeen9p@arstechnica.com', '41504230707', '+86-367-208-1133', 661),
        (351, 'Renault', 'Waltho', 'rwaltho9q@pagesperso-orange.fr', '45612301730', '+63-116-989-9295', 839),
        (352, 'Dinnie', 'Olenchikov', 'dolenchikov9r@bluehost.com', '51502110972', '+86-548-634-6449', null),
        (353, 'Fergus', 'Bartolozzi', 'fbartolozzi9s@wikispaces.com', '41706276802', '+358-224-106-0754', 442),
        (354, 'Timofei', 'Villa', 'tvilla9t@joomla.org', '33102136762', '+86-387-941-6619', 75),
        (355, 'Tuckie', 'Clemits', 'tclemits9u@indiegogo.com', '48010175430', '+62-105-460-7330', null),
        (356, 'Ase', 'Askam', 'aaskam9v@aboutads.info', '41908236990', '+86-850-455-9232', 825),
        (357, 'Alaric', 'Draysey', 'adraysey9w@blogtalkradio.com', '4510595486', '+62-415-249-1105', 193),
        (358, 'Shirleen', 'Brownell', 'sbrownell9x@java.com', '38304267147', '+7-153-784-2463', 652),
        (359, 'Karie', 'Mitchel', 'kmitchel9y@state.gov', '61208103836', '+66-471-529-5039', 712),
        (360, 'Maxy', 'Manton', 'mmanton9z@sitemeter.com', '4140613957', '+86-978-305-1655', 524),
        (361, 'Waylon', 'Wolfer', 'wwolfera0@t-online.de', '5151254826', '+994-581-966-8749', 12),
        (362, 'Pavel', 'Roskilly', 'proskillya1@csmonitor.com', '5150824041', '+234-328-520-2805', 875),
        (363, 'Ettore', 'Yoxen', 'eyoxena2@tmall.com', '5201015168', '+7-639-962-4891', 152),
        (364, 'Minnaminnie', 'Dunderdale', 'mdunderdalea3@webeden.co.uk', '31310279891', '+86-791-796-5412', 160),
        (365, 'Alexine', 'Poxton', 'apoxtona4@icq.com', '5140333024', '+48-674-466-9257', null),
        (366, 'Nathanael', 'Lacer', 'nlacera5@fda.gov', '5170587170', '+62-654-677-3065', 304),
        (367, 'Yetta', 'Crickmore', 'ycrickmorea6@theatlantic.com', '6100692845', '+66-481-671-9055', null),
        (368, 'Farr', 'Carsey', 'fcarseya7@mlb.com', '6181028256', '+389-858-648-3693', 92),
        (369, 'Rodie', 'Caillou', 'rcailloua8@macromedia.com', '62008219154', '+86-877-977-6951', null),
        (370, 'Scarlet', 'Foxworthy', 'sfoxworthya9@jigsy.com', '43112181966', '+46-750-736-7240', 495),
        (371, 'Valentijn', 'Napper', 'vnapperaa@ucoz.com', '36604258986', '+63-112-356-3381', 412),
        (372, 'Eugene', 'Yanov', 'eyanovab@webs.com', '5190142991', '+86-253-693-9196', 511),
        (373, 'Brenda', 'Heggadon', 'bheggadonac@github.com', '32110159716', '+976-709-915-2769', 129),
        (374, 'Kaylee', 'Gissing', 'kgissingad@ucoz.ru', '37006267566', '+62-576-378-6319', null),
        (375, 'Madella', 'Hovell', 'mhovellae@bing.com', '47704115808', '+351-342-731-9738', 369),
        (376, 'Urson', 'Raffles', 'urafflesaf@accuweather.com', '42904143708', '+51-221-375-2843', 408),
        (377, 'Noby', 'Gartland', 'ngartlandag@clickbank.net', '44612296374', '+961-402-958-6790', null),
        (378, 'Shelia', 'Chin', 'schinah@webnode.com', '52110285123', '+86-664-211-9076', null),
        (379, 'Lorettalorna', 'Derye-Barrett', 'lderyebarrettai@umich.edu', '46710294150', '+33-532-718-5807', 899),
        (380, 'Hoebart', 'McNess', 'hmcnessaj@statcounter.com', '41809148553', '+86-594-764-8079', 775),
        (381, 'Caralie', 'O''Moylan', 'comoylanak@house.gov', '52107284464', '+1-304-890-4315', 362),
        (382, 'Aylmer', 'Sinnett', 'asinnettal@sun.com', '3590127446', '+48-161-265-5308', null),
        (383, 'Bonnibelle', 'Kesley', 'bkesleyam@nhs.uk', '52105276291', '+86-603-210-4532', 293),
        (384, 'Livy', 'Knowlman', 'lknowlmanan@prlog.org', '3300612776', '+1-412-245-5355', 666),
        (385, 'Muffin', 'Goldis', 'mgoldisao@aboutads.info', '51510198222', '+1-877-731-7420', 620),
        (386, 'Dix', 'Circuitt', 'dcircuittap@istockphoto.com', '41101139162', '+86-253-418-7777', null),
        (387, 'Sharleen', 'Dewbury', 'sdewburyaq@so-net.ne.jp', '3200332024', '+54-450-490-5928', 117),
        (388, 'Mariquilla', 'Levick', 'mlevickar@cbslocal.com', '61904276064', '+84-603-924-3915', 400),
        (389, 'Wang', 'Crayker', 'wcraykeras@creativecommons.org', '61208242857', '+55-805-319-6090', 396),
        (390, 'Wendy', 'Norres', 'wnorresat@salon.com', '61011150670', '+62-652-465-9502', 703),
        (391, 'Bill', 'Rothery', 'brotheryau@ucsd.edu', '4420858837', '+257-310-332-5785', null),
        (392, 'Jaine', 'Caines', 'jcainesav@cornell.edu', '6120234671', '+86-820-684-8841', 61),
        (393, 'Shantee', 'Nuscha', 'snuschaaw@redcross.org', '6110138389', '+7-548-624-6396', null),
        (394, 'Clarke', 'Corben', 'ccorbenax@reverbnation.com', '52004147337', '+381-157-319-1636', 481),
        (395, 'Millicent', 'Wyllcock', 'mwyllcockay@wp.com', '38804101018', '+359-812-693-6050', 860),
        (396, 'Anatola', 'Lammers', 'alammersaz@nps.gov', '6190129590', '+47-335-276-8508', null),
        (397, 'Adelheid', 'Limbert', 'alimbertb0@redcross.org', '44212144672', '+63-404-280-1836', 802),
        (398, 'Kimbra', 'Sauvain', 'ksauvainb1@vistaprint.com', '61108148708', '+86-908-121-4455', 132),
        (399, 'Winni', 'Venediktov', 'wvenediktovb2@cbslocal.com', '45312265681', '+55-220-672-6101', 881),
        (400, 'Templeton', 'Giorgiutti', 'tgiorgiuttib3@vimeo.com', '5110632649', '+963-223-381-6625', 23),
        (401, 'Valene', 'Bambrick', 'vbambrickb4@wsj.com', '3221242725', '+998-423-394-6206', 357),
        (402, 'Ariel', 'Hullyer', 'ahullyerb5@geocities.jp', '3451072574', '+86-354-176-9243', 452),
        (403, 'Doll', 'Fassbender', 'dfassbenderb6@shinystat.com', '48509252814', '+850-916-122-9791', null),
        (404, 'Arabela', 'Pethick', 'apethickb7@dailymotion.com', '61803297032', '+251-792-161-8760', null),
        (405, 'Dionisio', 'Veck', 'dveckb8@friendfeed.com', '61707265562', '+359-786-780-9537', 31),
        (406, 'Casey', 'Johansen', 'cjohansenb9@istockphoto.com', '33404182490', '+86-728-357-5423', 766),
        (407, 'Chiquia', 'Giraudo', 'cgiraudoba@hugedomains.com', '4230594339', '+86-612-967-4350', 580),
        (408, 'Sondra', 'Bortoletti', 'sbortolettibb@wikia.com', '39112187579', '+359-510-680-4316', 155),
        (409, 'Glynnis', 'Coule', 'gcoulebc@wsj.com', '61304272806', '+46-665-126-9912', 790),
        (410, 'Marlie', 'Wyllt', 'mwylltbd@phoca.cz', '51305112532', '+81-182-606-8562', 365),
        (411, 'Tybalt', 'Filimore', 'tfilimorebe@ehow.com', '32309290299', '+48-964-120-2292', 719),
        (412, 'Prue', 'Pocknell', 'ppocknellbf@myspace.com', '62101173853', '+502-475-219-6292', 103),
        (413, 'Jessalin', 'Yabsley', 'jyabsleybg@ox.ac.uk', '61006131256', '+269-824-447-9206', 880),
        (414, 'Dunstan', 'Greenhill', 'dgreenhillbh@blogspot.com', '3490665012', '+62-267-959-2700', null),
        (415, 'Christiano', 'Foskett', 'cfoskettbi@salon.com', '3630956931', '+66-535-942-4738', null),
        (416, 'Sim', 'Beefon', 'sbeefonbj@answers.com', '51908190261', '+86-695-883-0708', 21),
        (417, 'Grover', 'Potkin', 'gpotkinbk@hao123.com', '46306145939', '+62-978-103-4342', 525),
        (418, 'Minni', 'Gedney', 'mgedneybl@facebook.com', '32604147093', '+55-958-362-3536', null),
        (419, 'Decca', 'Blanch', 'dblanchbm@nps.gov', '51903301485', '+62-659-510-8408', 151),
        (420, 'Jessie', 'Mantle', 'jmantlebn@usda.gov', '5121198367', '+351-775-953-3230', null),
        (421, 'Nevile', 'Lutwidge', 'nlutwidgebo@youku.com', '5151281816', '+33-957-691-7282', 839),
        (422, 'Marshal', 'Allain', 'mallainbp@fema.gov', '62110154910', '+86-475-502-7596', null),
        (423, 'Emanuele', 'Janny', 'ejannybq@hao123.com', '3310354944', '+86-320-228-7259', null),
        (424, 'Sullivan', 'Carlyle', 'scarlylebr@google.cn', '4251297618', '+86-561-846-5181', null),
        (425, 'Kendell', 'Astupenas', 'kastupenasbs@netscape.com', '61903281683', '+62-837-996-1260', null),
        (426, 'Meredithe', 'Dugdale', 'mdugdalebt@ow.ly', '61012285835', '+27-464-426-6278', null),
        (427, 'Hurley', 'Geraudel', 'hgeraudelbu@4shared.com', '5190398432', '+381-311-553-3481', null),
        (428, 'Dieter', 'Giffin', 'dgiffinbv@bloomberg.com', '45501283460', '+62-193-884-4194', 499),
        (429, 'Judas', 'Ayris', 'jayrisbw@newyorker.com', '31110231953', '+385-720-627-0193', 191),
        (430, 'Bil', 'Northing', 'bnorthingbx@dot.gov', '61001228883', '+55-205-636-3206', null),
        (431, 'Jeni', 'Klesel', 'jkleselby@google.ca', '61111135010', '+98-341-412-4251', 690),
        (432, 'Hillyer', 'Nellis', 'hnellisbz@va.gov', '61008269386', '+224-736-906-4940', 758),
        (433, 'Bartie', 'Chapelle', 'bchapellec0@forbes.com', '4170951556', '+212-637-400-9469', 502),
        (434, 'Charmain', 'Thurlby', 'cthurlbyc1@dagondesign.com', '5110639456', '+86-298-877-5986', 31),
        (435, 'Daniella', 'Kellen', 'dkellenc2@aboutads.info', '51007148679', '+54-113-436-2546', 414),
        (436, 'Arie', 'Dymidowicz', 'adymidowiczc3@ameblo.jp', '42202147675', '+55-968-621-9020', 775),
        (437, 'Miof mela', 'Fryers', 'mfryersc4@bloomberg.com', '51608240935', '+57-253-825-7994', 328),
        (438, 'Maxi', 'Decker', 'mdeckerc5@over-blog.com', '32804211108', '+62-874-796-4947', 533),
        (439, 'Mac', 'Bischof', 'mbischofc6@discovery.com', '6150167299', '+57-935-244-9321', 471),
        (440, 'Robin', 'Clery', 'rcleryc7@psu.edu', '33711257249', '+93-329-881-5831', null),
        (441, 'Barby', 'Paute', 'bpautec8@china.com.cn', '3230952223', '+351-910-934-8016', null),
        (442, 'Svend', 'Frow', 'sfrowc9@wiley.com', '52109254845', '+33-165-628-2063', null),
        (443, 'Ruprecht', 'Nazer', 'rnazerca@apple.com', '62012132523', '+33-347-912-7213', 98),
        (444, 'Bronson', 'Gilffilland', 'bgilffillandcb@whitehouse.gov', '4271094959', '+234-953-712-9778', null),
        (445, 'Carmencita', 'MacClure', 'cmacclurecc@smugmug.com', '5190576174', '+420-589-572-5254', 555),
        (446, 'Cecile', 'Dineen', 'cdineencd@chronoengine.com', '51709247894', '+971-456-382-4470', 746),
        (447, 'Rosanne', 'Kapelhoff', 'rkapelhoffce@themeforest.net', '4530122024', '+63-431-845-5817', 165),
        (448, 'Andree', 'Mathiassen', 'amathiassencf@acquirethisname.com', '44109177951', '+358-111-108-1494', null),
        (449, 'Cindie', 'Gerardeaux', 'cgerardeauxcg@howstuffworks.com', '62011301334', '+63-910-339-5835', null),
        (450, 'Timothy', 'Girkins', 'tgirkinsch@flavors.me', '47511307746', '+33-134-932-2757', 78),
        (451, 'Sandye', 'Beek', 'sbeekci@chicagotribune.com', '41505216672', '+51-159-462-0349', 177),
        (452, 'Babbette', 'Spenley', 'bspenleycj@webeden.co.uk', '5110192127', '+62-104-983-4085', null),
        (453, 'Sibley', 'Mallion', 'smallionck@imgur.com', '35203316517', '+51-664-459-4341', null),
        (454, 'Mattie', 'Rix', 'mrixcl@jalbum.net', '6100763606', '+351-458-666-8917', 218),
        (455, 'Hasheem', 'Jouannot', 'hjouannotcm@mac.com', '46904117423', '+30-793-971-7090', 39),
        (456, 'Ian', 'Klima', 'iklimacn@google.co.uk', '51101220645', '+7-470-736-4834', null),
        (457, 'Emmy', 'Powlesland', 'epowleslandco@livejournal.com', '6180945772', '+595-367-231-7021', 700),
        (458, 'Ellissa', 'Warnes', 'ewarnescp@uol.com.br', '3910368846', '+1-770-368-0606', null),
        (459, 'Ketti', 'Heffernan', 'kheffernancq@slideshare.net', '42202291284', '+7-477-824-8567', null),
        (460, 'Elfrida', 'Boman', 'ebomancr@cyberchimps.com', '39007263182', '+86-166-599-8351', null),
        (461, 'Klement', 'Dionisetti', 'kdionisettics@cbc.ca', '6211038240', '+86-114-694-0919', 26),
        (462, 'Geoff', 'Eede', 'geedect@bbc.co.uk', '48107125066', '+86-525-627-4319', null),
        (463, 'Corbett', 'Kegg', 'ckeggcu@telegraph.co.uk', '61003239175', '+357-553-275-4116', 604),
        (464, 'Bird', 'Lempertz', 'blempertzcv@mlb.com', '61607119920', '+62-682-745-3133', null),
        (465, 'Kaye', 'Fendlow', 'kfendlowcw@digg.com', '61602118852', '+502-607-843-3537', null),
        (466, 'Bethanne', 'Marquis', 'bmarquiscx@alibaba.com', '61306289837', '+48-382-116-7221', 418),
        (467, 'Anastassia', 'Jorn', 'ajorncy@yahoo.com', '32512299625', '+63-840-547-9182', null),
        (468, 'Jere', 'Fahy', 'jfahycz@mashable.com', '44503284155', '+255-178-786-5249', 884),
        (469, 'Yvon', 'Arrol', 'yarrold0@acquirethisname.com', '51708215812', '+51-214-728-7018', 123),
        (470, 'Pen', 'Bazely', 'pbazelyd1@list-manage.com', '51105121569', '+55-430-303-5974', 232),
        (471, 'Dayle', 'Shoorbrooke', 'dshoorbrooked2@mysql.com', '61802113505', '+7-864-891-6380', 436),
        (472, 'Cherry', 'Searles', 'csearlesd3@icio.us', '35310132952', '+351-955-590-2872', null),
        (473, 'Ede', 'Luckhurst', 'eluckhurstd4@unc.edu', '35602102520', '+30-889-324-5109', 885),
        (474, 'Adiana', 'Hadley', 'ahadleyd5@sciencedaily.com', '45710244462', '+675-262-170-0614', 872),
        (475, 'Kristofer', 'Guice', 'kguiced6@amazonaws.com', '4590166443', '+86-404-246-8628', 751),
        (476, 'Easter', 'Barrows', 'ebarrowsd7@ameblo.jp', '47101228354', '+507-674-470-4794', 170),
        (477, 'Carrissa', 'Bysshe', 'cbysshed8@kickstarter.com', '5181275042', '+1-951-827-3644', null),
        (478, 'Colette', 'Bromont', 'cbromontd9@wiley.com', '4690451984', '+52-848-237-5590', 889),
        (479, 'Geri', 'Blesdill', 'gblesdillda@wisc.edu', '34805319853', '+967-970-774-8767', null),
        (480, 'Dodi', 'Flanne', 'dflannedb@mozilla.org', '45910205854', '+84-932-503-9299', null),
        (481, 'Maisie', 'Harkness', 'mharknessdc@vkontakte.ru', '48102206159', '+48-856-146-9220', null),
        (482, 'Agathe', 'Dandison', 'adandisondd@constantcontact.com', '3970516713', '+255-236-334-2147', null),
        (483, 'Cynde', 'Munnion', 'cmunnionde@wsj.com', '51506181054', '+86-637-347-8910', 644),
        (484, 'Glen', 'Matous', 'gmatousdf@icio.us', '51805190525', '+994-659-298-2220', 495),
        (485, 'Errick', 'Willgoose', 'ewillgoosedg@fotki.com', '51104203402', '+54-235-437-1340', 524),
        (486, 'Drusy', 'Lankford', 'dlankforddh@engadget.com', '3500741146', '+66-918-401-8707', null),
        (487, 'Gareth', 'O''Hanley', 'gohanleydi@angelfire.com', '5131243623', '+1-423-354-1848', null),
        (488, 'Joete', 'Lyttle', 'jlyttledj@xinhuanet.com', '62106105687', '+55-712-777-4108', 563),
        (489, 'Bartlet', 'Popworth', 'bpopworthdk@seesaa.net', '51803262360', '+46-229-794-7371', null),
        (490, 'Giselle', 'Griffe', 'ggriffedl@state.gov', '48407289446', '+81-301-340-5102', 644),
        (491, 'Dotti', 'Bernard', 'dbernarddm@toplist.cz', '32503259512', '+62-684-386-1509', null),
        (492, 'Torin', 'McGriele', 'tmcgrieledn@usnews.com', '4200893966', '+86-285-906-1125', null),
        (493, 'Wang', 'Sullivan', 'wsullivando@cdbaby.com', '5191160189', '+351-509-654-9488', null),
        (494, 'Ingeborg', 'Moles', 'imolesdp@php.net', '31805198679', '+46-374-882-8049', 71),
        (495, 'Rufe', 'Mowles', 'rmowlesdq@smugmug.com', '6100749493', '+27-612-174-1091', 816),
        (496, 'Hilary', 'Geke', 'hgekedr@bizjournals.com', '43309183166', '+1-841-186-3160', null),
        (497, 'Terrie', 'Hellier', 'thellierds@howstuffworks.com', '6200273326', '+62-311-567-5084', null),
        (498, 'Avigdor', 'Wilder', 'awilderdt@dagondesign.com', '45408209249', '+86-409-407-4685', 169),
        (499, 'Cosetta', 'O''Corrane', 'cocorranedu@ehow.com', '42508175678', '+55-933-412-8156', null),
        (500, 'Shandeigh', 'Cornew', 'scornewdv@live.com', '6171030132', '+351-211-643-6101', 823),
        (501, 'Damiano', 'Sames', 'dsamesdw@deliciousdays.com', '37408242446', '+62-830-495-5735', 554),
        (502, 'Lulita', 'Deeman', 'ldeemandx@youtube.com', '5160870924', '+62-821-672-9786', 568),
        (503, 'Dolph', 'Cahan', 'dcahandy@hubpages.com', '61810261169', '+237-301-676-8460', 859),
        (504, 'Millard', 'Greenaway', 'mgreenawaydz@ebay.co.uk', '62002282617', '+55-630-888-0490', null),
        (505, 'Aldwin', 'Barden', 'abardene0@facebook.com', '46405318845', '+1-410-453-9320', 272),
        (506, 'Lurleen', 'Glendenning', 'lglendenninge1@umich.edu', '51105310033', '+63-997-662-0845', null),
        (507, 'Flo', 'Chart', 'fcharte2@fc2.com', '49004122531', '+351-789-265-6461', null),
        (508, 'Cordula', 'D''Onise', 'cdonisee3@va.gov', '43401195129', '+234-235-911-3863', 194),
        (509, 'Maryann', 'Hasney', 'mhasneye4@reddit.com', '6191167677', '+54-925-605-7335', 465),
        (510, 'Pancho', 'Colliber', 'pcollibere5@google.nl', '32405239390', '+51-899-946-6705', 164),
        (511, 'Barris', 'Trank', 'btranke6@yellowpages.com', '42307234233', '+86-997-388-8298', null),
        (512, 'Mendel', 'Weedenburg', 'mweedenburge7@php.net', '5180245360', '+880-972-736-1367', 119),
        (513, 'Phaedra', 'Warricker', 'pwarrickere8@miitbeian.gov.cn', '42812158817', '+355-372-257-0721', null),
        (514, 'Betteann', 'Crunden', 'bcrundene9@ovh.net', '4560785207', '+55-229-435-0914', 258),
        (515, 'Antonia', 'Guswell', 'aguswellea@nyu.edu', '4970642284', '+86-919-463-1840', 188),
        (516, 'Roselin', 'Tidgewell', 'rtidgewelleb@amazonaws.com', '46509181572', '+86-585-481-0938', 253),
        (517, 'Concettina', 'Moreno', 'cmorenoec@unesco.org', '37307226054', '+62-281-183-7908', 141),
        (518, 'Pip', 'Yitshak', 'pyitshaked@amazonaws.com', '6110516457', '+86-778-667-6086', null),
        (519, 'Osbourne', 'Cordel', 'ocordelee@google.pl', '61504158573', '+63-449-569-2164', 841),
        (520, 'Gay', 'Erik', 'gerikef@cbsnews.com', '6210828690', '+62-342-934-3233', 353),
        (521, 'Garvy', 'Babb', 'gbabbeg@flickr.com', '61903150789', '+55-603-799-4896', 22),
        (522, 'Philomena', 'Daniel', 'pdanieleh@plala.or.jp', '61912303245', '+86-442-260-0890', 15),
        (523, 'Claretta', 'Densun', 'cdensunei@chicagotribune.com', '42807228749', '+86-572-190-3874', null),
        (524, 'Rosalinda', 'Iori', 'rioriej@mit.edu', '3340682267', '+62-627-240-4108', 157),
        (525, 'Worden', 'Sweetland', 'wsweetlandek@wisc.edu', '48312171210', '+371-724-609-5368', null),
        (526, 'Seana', 'Teek', 'steekel@reference.com', '61907317023', '+33-681-813-7081', null),
        (527, 'Dulcie', 'Loblie', 'dloblieem@patch.com', '33809195246', '+86-267-678-6970', 93),
        (528, 'Worden', 'Delacourt', 'wdelacourten@utexas.edu', '62003303149', '+84-755-205-9196', 213),
        (529, 'Jacquelyn', 'Hassall', 'jhassalleo@ehow.com', '51906289155', '+7-675-383-9763', 271),
        (530, 'Gibbie', 'O''Gaven', 'gogavenep@boston.com', '47401137378', '+256-394-985-6997', 596),
        (531, 'Olympie', 'Ostrich', 'oostricheq@xinhuanet.com', '51608218623', '+7-938-843-6546', 851),
        (532, 'Hazel', 'Matuschek', 'hmatuscheker@springer.com', '62011205832', '+86-336-194-3345', null),
        (533, 'Ronica', 'Gouny', 'rgounyes@netlog.com', '47509157844', '+62-598-284-1222', null),
        (534, 'Nevsa', 'Dewar', 'ndewaret@huffingtonpost.com', '61104215656', '+84-914-553-2927', null),
        (535, 'Mata', 'Neubigging', 'mneubiggingeu@sitemeter.com', '46401112577', '+31-348-612-3365', 143),
        (536, 'Ninnetta', 'De Moreno', 'ndemorenoev@youtu.be', '44811254960', '+62-373-570-0902', 32),
        (537, 'Marylee', 'Drummond', 'mdrummondew@bigcartel.com', '51712123496', '+60-157-895-4531', null),
        (538, 'Bidget', 'Arundel', 'barundelex@theguardian.com', '44312169074', '+86-569-412-9972', null),
        (539, 'Delainey', 'Fockes', 'dfockesey@wunderground.com', '36712292272', '+86-421-823-0149', 155),
        (540, 'Phedra', 'Birdwhistell', 'pbirdwhistellez@patch.com', '39506261367', '+253-689-937-8046', 562),
        (541, 'Marnie', 'Kobsch', 'mkobschf0@elpais.com', '6180624913', '+63-879-892-6458', 96),
        (542, 'Angus', 'Jamieson', 'ajamiesonf1@myspace.com', '4950259960', '+30-330-409-1721', null),
        (543, 'Joniukas', 'Zavattiero', 'jzavattierof2@sciencedirect.com', '49501137928', '+62-847-835-7627', null),
        (544, 'Lillian', 'Carroll', 'lcarrollf3@newyorker.com', '48110138377', '+967-820-138-2547', 276),
        (545, 'Jeramey', 'Heliet', 'jhelietf4@businessinsider.com', '51011197767', '+86-475-680-2897', 303),
        (546, 'Concordia', 'Grebner', 'cgrebnerf5@sfgate.com', '61608206805', '+86-939-492-7900', null),
        (547, 'Noami', 'Swiffan', 'nswiffanf6@parallels.com', '52104163341', '+54-113-362-7960', null),
        (548, 'Marshal', 'Gambie', 'mgambief7@bluehost.com', '51412161871', '+352-781-628-3201', 673),
        (549, 'Ripley', 'Eade', 'readef8@topsy.com', '4791222669', '+86-482-627-9301', 509),
        (550, 'Elga', 'Kiff', 'ekifff9@reuters.com', '5100386546', '+30-372-545-5061', 196),
        (551, 'Reeba', 'Bennallck', 'rbennallckfa@google.nl', '3271158546', '+66-263-935-9969', 881),
        (552, 'Eyde', 'Devinn', 'edevinnfb@netscape.com', '6100874815', '+7-906-179-2898', null),
        (553, 'Theresina', 'McGloughlin', 'tmcgloughlinfc@eepurl.com', '31909169212', '+54-795-577-9865', null),
        (554, 'Allix', 'Spennock', 'aspennockfd@opensource.org', '33201104382', '+33-240-249-5085', 515),
        (555, 'Garey', 'Kupke', 'gkupkefe@live.com', '51906277926', '+234-501-505-3771', null),
        (556, 'Kora', 'Awton', 'kawtonff@gnu.org', '3130933406', '+420-878-305-7356', 839),
        (557, 'Donnamarie', 'Beart', 'dbeartfg@shinystat.com', '33208272460', '+1-808-707-9372', 441),
        (558, 'Marcile', 'Roche', 'mrochefh@epa.gov', '47109164370', '+52-632-964-6907', 754),
        (559, 'Pavlov', 'Cerie', 'pceriefi@state.gov', '4860765013', '+33-211-822-1677', null),
        (560, 'Jenny', 'McCurry', 'jmccurryfj@rambler.ru', '61911317880', '+62-318-717-1189', 691),
        (561, 'Leeland', 'Gillfillan', 'lgillfillanfk@oaic.gov.au', '52104240102', '+86-992-741-4659', null),
        (562, 'Rhonda', 'Deely', 'rdeelyfl@sina.com.cn', '49103285818', '+52-935-348-6198', null),
        (563, 'Elvin', 'Fortoun', 'efortounfm@nih.gov', '42105239347', '+1-484-183-8635', 39),
        (564, 'Hope', 'Ingliss', 'hinglissfn@bing.com', '62101164179', '+62-929-580-9727', 761),
        (565, 'Shelba', 'Moncreiff', 'smoncreifffo@europa.eu', '41603305775', '+47-947-841-7997', null),
        (566, 'Hanson', 'Torpie', 'htorpiefp@nba.com', '36712217774', '+46-531-343-3456', null),
        (567, 'Forster', 'Pergens', 'fpergensfq@tuttocitta.it', '4490552171', '+1-571-528-8460', 491),
        (568, 'Shelly', 'Kimble', 'skimblefr@apple.com', '51604232605', '+86-503-765-7520', 428),
        (569, 'Hieronymus', 'Pearcy', 'hpearcyfs@pcworld.com', '51303284167', '+48-504-682-5440', 852),
        (570, 'Weylin', 'Ciobotaro', 'wciobotaroft@geocities.jp', '52007209733', '+86-640-812-6818', 696),
        (571, 'Robinett', 'Pippin', 'rpippinfu@slideshare.net', '52010127219', '+62-467-507-4290', 382),
        (572, 'Darci', 'Gealle', 'dgeallefv@smugmug.com', '35807301113', '+66-169-412-9109', 337),
        (573, 'Codee', 'Joules', 'cjoulesfw@chronoengine.com', '32906306021', '+86-760-795-7467', 843),
        (574, 'Janeczka', 'Northrop', 'jnorthropfx@facebook.com', '51002203775', '+48-828-156-2036', 500),
        (575, 'Robby', 'Striker', 'rstrikerfy@aboutads.info', '36209278578', '+63-425-862-4820', 175),
        (576, 'Geordie', 'Gentry', 'ggentryfz@domainmarket.com', '51501235384', '+960-183-565-6004', 28),
        (577, 'Marilin', 'Carl', 'mcarlg0@europa.eu', '5140516582', '+54-485-257-7656', 331),
        (578, 'Ring', 'Sall', 'rsallg1@virginia.edu', '4651124194', '+56-241-840-8853', 464),
        (579, 'Tania', 'Bilson', 'tbilsong2@fotki.com', '51612270880', '+7-747-884-2715', null),
        (580, 'Godwin', 'Kopmann', 'gkopmanng3@flickr.com', '42812272897', '+55-648-897-6073', 272),
        (581, 'Bradford', 'Thorns', 'bthornsg4@vk.com', '3330314200', '+48-181-464-2901', 755),
        (582, 'Geneva', 'Jeannenet', 'gjeannenetg5@blogspot.com', '34510260621', '+62-655-927-0293', null),
        (583, 'Jeannie', 'Petrello', 'jpetrellog6@so-net.ne.jp', '61410286611', '+62-327-657-7796', 438),
        (584, 'Glennis', 'Bwy', 'gbwyg7@tripadvisor.com', '37208245028', '+49-498-406-0771', 217),
        (585, 'Monroe', 'Whaley', 'mwhaleyg8@usda.gov', '41101127154', '+7-957-693-8568', null),
        (586, 'Ronalda', 'Tropman', 'rtropmang9@plala.or.jp', '4520825868', '+63-899-127-1782', 763),
        (587, 'Camala', 'Clouter', 'cclouterga@foxnews.com', '48303272917', '+33-805-878-0574', 729),
        (588, 'Fernande', 'Ingerson', 'fingersongb@goo.ne.jp', '3490178790', '+62-533-336-1563', null),
        (589, 'Illa', 'Cheshire', 'icheshiregc@google.co.uk', '43606151084', '+60-748-666-1721', 149),
        (590, 'Lil', 'Baskett', 'lbaskettgd@businessweek.com', '3270830956', '+55-573-493-7145', null),
        (591, 'Kym', 'Fozard', 'kfozardge@sina.com.cn', '61409171437', '+48-564-546-6481', 819),
        (592, 'Onfroi', 'Kenaway', 'okenawaygf@ihg.com', '51502306383', '+63-654-530-0352', 239),
        (593, 'Heddie', 'Bellelli', 'hbellelligg@deliciousdays.com', '61804128662', '+57-808-253-0046', 431),
        (594, 'Francesca', 'Cheevers', 'fcheeversgh@typepad.com', '61502237100', '+62-632-527-0257', 419),
        (595, 'Stacie', 'Goldsbrough', 'sgoldsbroughgi@prlog.org', '61502228893', '+46-279-542-1765', 822),
        (596, 'Brynna', 'Adam', 'badamgj@soup.io', '36201157423', '+62-336-509-1278', 699),
        (597, 'Redd', 'Giberd', 'rgiberdgk@smugmug.com', '51604171279', '+995-420-616-4922', 26),
        (598, 'Montague', 'Coupland', 'mcouplandgl@indiegogo.com', '62106276888', '+420-995-681-1234', 704),
        (599, 'Cross', 'Sworn', 'csworngm@cmu.edu', '5151281233', '+33-216-820-1612', null),
        (600, 'Rosene', 'Thorouggood', 'rthorouggoodgn@livejournal.com', '4571159534', '+55-579-343-7034', 525),
        (601, 'Alena', 'Girardini', 'agirardinigo@xrea.com', '5141077888', '+46-646-601-6917', 341),
        (602, 'Giselle', 'Cahill', 'gcahillgp@netlog.com', '4890886252', '+62-259-849-0286', 897),
        (603, 'Mattias', 'Wolfindale', 'mwolfindalegq@nps.gov', '43605182168', '+62-280-837-5210', null),
        (604, 'Koo', 'Bidgood', 'kbidgoodgr@de.vu', '51509251842', '+27-570-626-6593', null),
        (605, 'Holly', 'Caramuscia', 'hcaramusciags@yandex.ru', '61209105286', '+1-425-600-6198', 602),
        (606, 'Benedicto', 'Waison', 'bwaisongt@constantcontact.com', '45511173596', '+1-808-560-4868', 275),
        (607, 'Guendolen', 'Sommerly', 'gsommerlygu@jimdo.com', '32704259505', '+86-282-944-7105', null),
        (608, 'Bertine', 'Galbreth', 'bgalbrethgv@gov.uk', '61303246303', '+251-300-552-8221', 719),
        (609, 'Kare', 'Kleinsmuntz', 'kkleinsmuntzgw@ibm.com', '44203208132', '+62-980-656-8995', null),
        (610, 'Lorena', 'Covendon', 'lcovendongx@businesswire.com', '51903103621', '+86-861-775-5014', null),
        (611, 'Andres', 'Goodred', 'agoodredgy@admin.ch', '4280970478', '+33-170-103-4954', null),
        (612, 'Lewiss', 'Shepton', 'lsheptongz@uiuc.edu', '3820775497', '+86-909-596-6391', 814),
        (613, 'Gayel', 'Lofts', 'gloftsh0@nytimes.com', '51012254816', '+30-405-702-8100', 188),
        (614, 'Clarie', 'Espie', 'cespieh1@cornell.edu', '33305305315', '+48-660-908-5746', 388),
        (615, 'Shermy', 'Minall', 'sminallh2@merriam-webster.com', '39305210355', '+30-602-875-0856', null),
        (616, 'Birch', 'Strowlger', 'bstrowlgerh3@joomla.org', '4641087364', '+63-541-214-4347', 305),
        (617, 'Samson', 'Adey', 'sadeyh4@oaic.gov.au', '39009273789', '+31-943-369-8771', 118),
        (618, 'Leah', 'Hallas', 'lhallash5@clickbank.net', '31710272023', '+63-570-725-0563', 849),
        (619, 'Keven', 'Antonomolii', 'kantonomoliih6@biblegateway.com', '45412134902', '+86-106-360-3119', 160),
        (620, 'Orin', 'Carville', 'ocarvilleh7@ted.com', '5121158245', '+81-393-292-4417', null),
        (621, 'Tobey', 'McCutcheon', 'tmccutcheonh8@sourceforge.net', '51910128813', '+351-723-656-5390', 141),
        (622, 'Gweneth', 'Wisedale', 'gwisedaleh9@pinterest.com', '61501111486', '+238-942-664-2583', 505),
        (623, 'Richmond', 'Ambrogelli', 'rambrogelliha@liveinternet.ru', '3741230131', '+254-103-336-5008', 792),
        (624, 'Eveleen', 'Lymer', 'elymerhb@wp.com', '6130721731', '+1-253-995-3634', 693),
        (625, 'Bren', 'Splevin', 'bsplevinhc@google.ca', '51801302122', '+53-117-554-3724', 191),
        (626, 'Lana', 'Anfrey', 'lanfreyhd@tripadvisor.com', '61601221155', '+7-812-165-5126', 34),
        (627, 'Gaye', 'Devo', 'gdevohe@weather.com', '45511263285', '+62-353-462-0673', null),
        (628, 'Gavrielle', 'Daniellot', 'gdaniellothf@t-online.de', '41309222152', '+51-837-155-9080', null),
        (629, 'Oralle', 'McSperrin', 'omcsperrinhg@ucla.edu', '61606104516', '+62-787-661-7054', 689),
        (630, 'Chan', 'Waterhouse', 'cwaterhousehh@va.gov', '61808278378', '+57-382-833-5290', 884),
        (631, 'Sam', 'Howood', 'showoodhi@amazon.com', '5130362492', '+81-234-981-6260', 202),
        (632, 'Pinchas', 'Chrippes', 'pchrippeshj@seattletimes.com', '5120917800', '+86-619-585-5321', null),
        (633, 'Joelly', 'Rosberg', 'jrosberghk@seattletimes.com', '51812168406', '+358-232-239-8559', 839),
        (634, 'Doro', 'Duferie', 'dduferiehl@chicagotribune.com', '51501166029', '+62-690-227-1538', null),
        (635, 'Eduino', 'Szymczyk', 'eszymczykhm@is.gd', '61110122494', '+7-513-699-0477', null),
        (636, 'Gray', 'Barbrook', 'gbarbrookhn@delicious.com', '45603312970', '+62-380-698-7258', null),
        (637, 'Kathy', 'Worswick', 'kworswickho@jigsy.com', '5130968018', '+81-482-560-0473', 835),
        (638, 'Jan', 'Peasey', 'jpeaseyhp@yahoo.com', '3930823447', '+963-255-150-9651', null),
        (639, 'Taber', 'Commings', 'tcommingshq@aboutads.info', '31805304216', '+62-585-926-9652', 159),
        (640, 'Hermon', 'Storrier', 'hstorrierhr@drupal.org', '38107143309', '+86-253-806-4785', 47),
        (641, 'Phyllis', 'Porcher', 'pporcherhs@eepurl.com', '43012134559', '+62-711-796-5410', null),
        (642, 'Franzen', 'Gollop', 'fgollopht@wordpress.org', '42603268506', '+33-760-608-1407', 258),
        (643, 'Bobby', 'Cathee', 'bcatheehu@com.com', '3320966069', '+55-999-460-7881', 309),
        (644, 'Conney', 'Bernardin', 'cbernardinhv@ted.com', '4130519383', '+420-231-169-7798', 201),
        (645, 'Egor', 'Bampton', 'ebamptonhw@last.fm', '4190637170', '+62-967-531-4853', null),
        (646, 'Malena', 'Mennithorp', 'mmennithorphx@lycos.com', '51009304487', '+86-307-895-9797', 660),
        (647, 'Warden', 'Sturdgess', 'wsturdgesshy@deliciousdays.com', '6130393404', '+48-379-955-6773', null),
        (648, 'Teodor', 'Colliar', 'tcolliarhz@parallels.com', '3260864583', '+212-108-245-3150', null),
        (649, 'Stefa', 'Wandless', 'swandlessi0@archive.org', '35409107978', '+30-523-513-4387', 135),
        (650, 'Dana', 'Crew', 'dcrewi1@godaddy.com', '61106268567', '+86-502-640-8425', 92),
        (651, 'Skye', 'Brideau', 'sbrideaui2@sogou.com', '4120267706', '+237-268-839-1817', null),
        (652, 'Sallie', 'Cressy', 'scressyi3@myspace.com', '61002219216', '+1-949-201-9821', null),
        (653, 'Leora', 'Shurmore', 'lshurmorei4@abc.net.au', '39004105532', '+30-181-608-7629', null),
        (654, 'Lucine', 'Mair', 'lmairi5@foxnews.com', '61501228886', '+234-710-860-0392', 221),
        (655, 'Jamil', 'Lubman', 'jlubmani6@webs.com', '48203200319', '+63-345-335-0733', null),
        (656, 'Rustin', 'Padley', 'rpadleyi7@amazon.co.uk', '61709130385', '+86-816-557-5477', 560),
        (657, 'Brendan', 'Antic', 'bantici8@patch.com', '51607254098', '+1-152-111-4677', null),
        (658, 'Blayne', 'Burmingham', 'bburminghami9@statcounter.com', '51210274878', '+86-688-992-0620', 255),
        (659, 'Lemar', 'Orpyne', 'lorpyneia@usda.gov', '36203242821', '+62-627-781-0840', 82),
        (660, 'Bethany', 'Hobson', 'bhobsonib@digg.com', '42211275648', '+54-851-568-4407', 480),
        (661, 'Merry', 'Shipton', 'mshiptonic@infoseek.co.jp', '61708184230', '+86-585-600-6615', 548),
        (662, 'Vaughan', 'Wimpress', 'vwimpressid@sun.com', '3760286127', '+92-800-240-9929', 504),
        (663, 'Abey', 'Ecclesall', 'aecclesallie@epa.gov', '61109215217', '+86-120-175-2096', 252),
        (664, 'Verile', 'Stansall', 'vstansallif@ow.ly', '51908153864', '+351-586-210-4757', 768),
        (665, 'Nicolais', 'Yakutin', 'nyakutinig@ted.com', '52104216550', '+62-689-477-5283', 683),
        (666, 'Teddy', 'Fay', 'tfayih@example.com', '35305279489', '+33-885-138-7112', 61),
        (667, 'Brockie', 'Itscowics', 'bitscowicsii@soundcloud.com', '51908137901', '+54-462-514-8683', null),
        (668, 'Bonni', 'Foddy', 'bfoddyij@google.com.au', '51304239409', '+995-453-886-6933', 174),
        (669, 'Waring', 'Finnimore', 'wfinnimoreik@instagram.com', '43407156611', '+81-929-271-0406', 246),
        (670, 'Dougie', 'Largen', 'dlargenil@photobucket.com', '61310246323', '+221-351-794-5028', null),
        (671, 'Olenolin', 'Hazelby', 'ohazelbyim@forbes.com', '6150310977', '+7-485-335-8022', 773),
        (672, 'Cyril', 'Gaskill', 'cgaskillin@booking.com', '46411245749', '+62-176-718-5661', null),
        (673, 'Cos', 'Ghioni', 'cghioniio@upenn.edu', '3790144261', '+86-326-524-1544', 298),
        (674, 'Bendite', 'Bridgstock', 'bbridgstockip@purevolume.com', '4360310259', '+55-124-486-3465', 519),
        (675, 'Ivan', 'Rivitt', 'irivittiq@wikimedia.org', '61503261536', '+351-645-469-1333', null),
        (676, 'Birgit', 'Rossborough', 'brossboroughir@prlog.org', '33809158520', '+258-716-219-3867', null),
        (677, 'Wanda', 'Knowler', 'wknowleris@yahoo.co.jp', '61901215761', '+62-143-714-7457', 827),
        (678, 'Karlie', 'Exroll', 'kexrollit@mediafire.com', '4350979770', '+7-354-162-2883', 652),
        (679, 'Franchot', 'Lambotin', 'flambotiniu@wix.com', '51611135103', '+33-616-385-6823', null),
        (680, 'Deeann', 'Terrett', 'dterrettiv@flavors.me', '42808175964', '+505-303-749-6660', 362),
        (681, 'Killian', 'Boyse', 'kboyseiw@indiegogo.com', '41110161484', '+86-909-366-2112', null),
        (682, 'Rickey', 'Rebillard', 'rrebillardix@lycos.com', '49304263780', '+81-448-725-9865', 650),
        (683, 'Etheline', 'Wadham', 'ewadhamiy@parallels.com', '3790218035', '+62-313-817-2129', 652),
        (684, 'Godiva', 'Jedraszczyk', 'gjedraszczykiz@independent.co.uk', '32507207061', '+51-371-218-8625', null),
        (685, 'Alberik', 'Yokelman', 'ayokelmanj0@msn.com', '46308227715', '+44-519-259-1008', 611),
        (686, 'Giulio', 'Mascall', 'gmascallj1@comsenz.com', '61607301277', '+1-757-990-9244', null),
        (687, 'Anson', 'Pavlitschek', 'apavlitschekj2@wix.com', '5150322782', '+33-990-291-1069', 358),
        (688, 'Mead', 'Elderidge', 'melderidgej3@gravatar.com', '3251057327', '+7-966-661-0994', 166),
        (689, 'Sidney', 'Body', 'sbodyj4@webeden.co.uk', '51411235848', '+55-162-514-0363', 710),
        (690, 'Godard', 'Batchelor', 'gbatchelorj5@blogspot.com', '61911260942', '+994-754-619-2143', 143),
        (691, 'Malachi', 'Labarre', 'mlabarrej6@omniture.com', '41201167036', '+63-126-852-4151', 343),
        (692, 'Kayla', 'Brotherhed', 'kbrotherhedj7@e-recht24.de', '61404273308', '+66-892-866-4737', 194),
        (693, 'Morrie', 'Goldring', 'mgoldringj8@sfgate.com', '48407188786', '+1-434-449-0350', 454),
        (694, 'Barton', 'Spackman', 'bspackmanj9@marketwatch.com', '4860246113', '+58-567-187-8812', 90),
        (695, 'Felizio', 'Bartolomeo', 'fbartolomeoja@exblog.jp', '6150170922', '+230-892-451-2342', null),
        (696, 'Blane', 'Lipsett', 'blipsettjb@epa.gov', '61101263155', '+86-536-419-8645', null),
        (697, 'Sean', 'Powland', 'spowlandjc@archive.org', '61610130169', '+963-228-823-3572', null),
        (698, 'Joyan', 'Kimbling', 'jkimblingjd@uol.com.br', '3410498929', '+48-346-217-3206', 334),
        (699, 'Katleen', 'Quernel', 'kquernelje@goo.ne.jp', '61802212381', '+48-218-111-5647', 261),
        (700, 'Ganny', 'Van Son', 'gvansonjf@fda.gov', '32508298478', '+7-514-360-1404', 142),
        (701, 'Gerhardine', 'Twine', 'gtwinejg@angelfire.com', '49310192638', '+62-628-629-1447', 563),
        (702, 'Ruy', 'Winsome', 'rwinsomejh@comcast.net', '61705141891', '+48-983-123-3360', null),
        (703, 'Hercules', 'Kingscote', 'hkingscoteji@gizmodo.com', '35709264111', '+351-769-184-4874', 337),
        (704, 'Franz', 'Crisell', 'fcriselljj@mlb.com', '43507190591', '+66-674-958-2383', 213),
        (705, 'Linnet', 'Pollendine', 'lpollendinejk@alibaba.com', '61212274640', '+62-468-800-7759', 852),
        (706, 'Livvyy', 'Liddiard', 'lliddiardjl@blogger.com', '51104290104', '+52-899-197-6077', 461),
        (707, 'Viva', 'Antliff', 'vantliffjm@ifeng.com', '51601133402', '+1-665-990-2049', null),
        (708, 'Ruprecht', 'Pedrazzi', 'rpedrazzijn@netvibes.com', '43408220355', '+595-673-423-0372', 802),
        (709, 'Charlene', 'Balchin', 'cbalchinjo@google.com', '61410195872', '+48-769-282-4570', null),
        (710, 'Gabriel', 'Snadden', 'gsnaddenjp@plala.or.jp', '6110226742', '+57-671-927-6963', 72),
        (711, 'Lora', 'Baffin', 'lbaffinjq@uol.com.br', '32407228964', '+86-379-199-0434', 839),
        (712, 'Mirella', 'Wetwood', 'mwetwoodjr@qq.com', '61409104738', '+46-544-376-6002', 849),
        (713, 'Lurline', 'Budgett', 'lbudgettjs@apache.org', '6100318173', '+51-450-304-3438', 411),
        (714, 'Raviv', 'Bircher', 'rbircherjt@patch.com', '6190638136', '+57-589-331-0563', 389),
        (715, 'Theressa', 'Coleby', 'tcolebyju@netvibes.com', '3801271227', '+351-242-366-3506', 332),
        (716, 'Rourke', 'Gegg', 'rgeggjv@printfriendly.com', '6190844326', '+62-824-952-5440', 96),
        (717, 'Hercules', 'Morrell', 'hmorrelljw@virginia.edu', '3331080688', '+86-406-411-1601', 118),
        (718, 'Ree', 'Finlaison', 'rfinlaisonjx@google.ca', '5110647928', '+7-246-609-7190', 289),
        (719, 'Abe', 'Hilling', 'ahillingjy@ed.gov', '51104247445', '+30-239-432-4310', 61),
        (720, 'Israel', 'Alldre', 'ialldrejz@redcross.org', '42309197497', '+86-930-191-6812', 185),
        (721, 'Ahmad', 'Tuohy', 'atuohyk0@shareasale.com', '3760658021', '+86-299-352-8267', 611),
        (722, 'Judas', 'Rickerd', 'jrickerdk1@microsoft.com', '51405312755', '+420-147-884-7542', 724),
        (723, 'Sigismundo', 'Michelotti', 'smichelottik2@tumblr.com', '46109273176', '+55-542-560-9014', null),
        (724, 'Lemmy', 'Twopenny', 'ltwopennyk3@godaddy.com', '52109293887', '+380-371-262-5419', 479),
        (725, 'Albert', 'Scutt', 'ascuttk4@apple.com', '51212101170', '+420-368-954-0501', null),
        (726, 'Justinian', 'Gabbett', 'jgabbettk5@irs.gov', '51307200291', '+66-883-766-6008', 216),
        (727, 'Stanislas', 'Winward', 'swinwardk6@newyorker.com', '3920445064', '+81-427-473-5759', 481),
        (728, 'Charles', 'Bodham', 'cbodhamk7@bloglovin.com', '4930783740', '+970-552-120-9656', null),
        (729, 'Jermaine', 'Jurewicz', 'jjurewiczk8@wordpress.org', '61610275806', '+261-832-751-0377', null),
        (730, 'Chiquita', 'Mounfield', 'cmounfieldk9@wufoo.com', '51012305799', '+996-644-930-6015', null),
        (731, 'Charmian', 'Smidmor', 'csmidmorka@netlog.com', '43305229662', '+81-889-274-1980', null),
        (732, 'Boyd', 'Kornacki', 'bkornackikb@example.com', '51911164557', '+62-682-714-3513', 184),
        (733, 'Mercedes', 'Laroux', 'mlarouxkc@homestead.com', '61806121455', '+1-998-624-5201', 144),
        (734, 'Manny', 'Chatan', 'mchatankd@newyorker.com', '62011311891', '+62-640-498-1845', 713),
        (735, 'Dagmar', 'Menlove', 'dmenloveke@xrea.com', '5100691484', '+351-410-122-4045', 436),
        (736, 'Artemas', 'MacAlister', 'amacalisterkf@hostgator.com', '45206137441', '+86-801-797-0218', 636),
        (737, 'Edna', 'Matheson', 'emathesonkg@auda.org.au', '42512244171', '+595-281-795-5862', 620),
        (738, 'Ula', 'Goldring', 'ugoldringkh@ustream.tv', '51710108114', '+352-559-914-0008', 284),
        (739, 'Crista', 'Bellchamber', 'cbellchamberki@google.com.au', '61806193474', '+33-209-549-8753', null),
        (740, 'Shaine', 'Sime', 'ssimekj@lycos.com', '6190731095', '+504-747-479-2986', null),
        (741, 'Hollyanne', 'Shwenn', 'hshwennkk@upenn.edu', '46706154815', '+86-655-267-8858', 404),
        (742, 'Lorita', 'Wolfinger', 'lwolfingerkl@elpais.com', '62010242895', '+54-360-744-0490', 110),
        (743, 'Nicol', 'Streetley', 'nstreetleykm@creativecommons.org', '6181176132', '+261-145-758-1671', 210),
        (744, 'Ransom', 'Milburn', 'rmilburnkn@cbc.ca', '51803196380', '+86-364-977-2997', 222),
        (745, 'Antonia', 'Bome', 'abomeko@yelp.com', '52107227064', '+7-554-808-9674', 735),
        (746, 'Felipe', 'Yarn', 'fyarnkp@xing.com', '41912246610', '+504-246-689-7534', 23),
        (747, 'Wilbur', 'Diemer', 'wdiemerkq@surveymonkey.com', '61304261395', '+62-191-836-2014', null),
        (748, 'Raquela', 'Kenlin', 'rkenlinkr@goo.gl', '35812224367', '+351-271-107-9764', 717),
        (749, 'Alvie', 'Tetla', 'atetlaks@ucoz.com', '61910303428', '+372-688-450-0940', 411),
        (750, 'Orelia', 'Konke', 'okonkekt@cloudflare.com', '62105180134', '+62-905-219-3590', 29),
        (751, 'Meris', 'Duckitt', 'mduckittku@vistaprint.com', '5211088811', '+86-780-360-3738', 747),
        (752, 'Saloma', 'Dosdell', 'sdosdellkv@narod.ru', '4910137020', '+353-990-560-9006', null),
        (753, 'Susanna', 'Bergstram', 'sbergstramkw@harvard.edu', '42802307909', '+965-979-392-2282', 171),
        (754, 'Staffard', 'Nellies', 'snellieskx@hugedomains.com', '37304280764', '+62-926-430-4427', 653),
        (755, 'Willie', 'Greenhalgh', 'wgreenhalghky@weebly.com', '37809175944', '+374-333-121-9013', 507),
        (756, 'Diana', 'Catto', 'dcattokz@shareasale.com', '62110160632', '+7-769-428-0106', null),
        (757, 'Gustaf', 'Estoile', 'gestoilel0@desdev.cn', '6111030813', '+86-109-693-3983', 105),
        (758, 'Isidor', 'Connold', 'iconnoldl1@tripod.com', '61112219461', '+62-461-232-7252', 177),
        (759, 'Francisco', 'Folk', 'ffolkl2@sourceforge.net', '61001102763', '+86-450-424-5228', 59),
        (760, 'Marthe', 'Matousek', 'mmatousekl3@reddit.com', '36907232133', '+98-299-267-1941', 13),
        (761, 'Sherwood', 'Hardwicke', 'shardwickel4@stanford.edu', '3430241512', '+380-589-773-0642', 658),
        (762, 'Vinni', 'Greenhill', 'vgreenhilll5@mapquest.com', '61202252447', '+86-436-811-0676', null),
        (763, 'Bordy', 'Dellit', 'bdellitl6@diigo.com', '5190413583', '+86-894-845-6610', 237),
        (764, 'Dayna', 'Fernley', 'dfernleyl7@privacy.gov.au', '5100165520', '+62-948-495-9761', null),
        (765, 'Earlie', 'Peyro', 'epeyrol8@w3.org', '31802259040', '+7-107-568-4412', null),
        (766, 'Arlena', 'Karle', 'akarlel9@51.la', '31011299465', '+86-568-952-9927', 263),
        (767, 'Wiley', 'O''Shirine', 'woshirinela@lulu.com', '37704138912', '+963-985-930-2921', null),
        (768, 'Hall', 'Hirsthouse', 'hhirsthouselb@blog.com', '51607317192', '+62-686-263-8446', null),
        (769, 'Kristine', 'Worsnap', 'kworsnaplc@vkontakte.ru', '46410302016', '+48-385-104-0431', 129),
        (770, 'Friedrick', 'Gallandre', 'fgallandreld@slashdot.org', '51612202499', '+66-989-146-3706', 173),
        (771, 'Mel', 'Aizlewood', 'maizlewoodle@technorati.com', '51308281349', '+86-831-647-2540', null),
        (772, 'Elisabeth', 'Kleinert', 'ekleinertlf@telegraph.co.uk', '3850490309', '+86-959-871-5948', 679),
        (773, 'Berne', 'Couling', 'bcoulinglg@apache.org', '37004237939', '+66-511-167-1597', 667),
        (774, 'Ellery', 'Espinoza', 'eespinozalh@csmonitor.com', '4650254541', '+58-380-820-3897', 886),
        (775, 'Jermaine', 'Cheeseman', 'jcheesemanli@yahoo.com', '5140945411', '+86-810-265-1880', 420),
        (776, 'Rey', 'Prestland', 'rprestlandlj@wikispaces.com', '4700217646', '+7-351-162-6898', 444),
        (777, 'Samuele', 'Whitehorne', 'swhitehornelk@usatoday.com', '51904261847', '+359-221-442-1538', 471),
        (778, 'Myrwyn', 'Wakeman', 'mwakemanll@go.com', '51002256868', '+86-128-426-8721', 882),
        (779, 'Darell', 'Fanstone', 'dfanstonelm@kickstarter.com', '45506167281', '+351-890-957-1262', 664),
        (780, 'Alastair', 'Warbeys', 'awarbeysln@amazonaws.com', '52006117261', '+7-381-466-3839', 748),
        (781, 'Alistair', 'Wadeson', 'awadesonlo@qq.com', '44102259141', '+996-184-578-0121', 465),
        (782, 'Norby', 'Work', 'nworklp@unesco.org', '62009139305', '+381-461-439-0386', null),
        (783, 'Skippie', 'Durnford', 'sdurnfordlq@sitemeter.com', '43504186434', '+62-612-191-8636', 135),
        (784, 'Carmela', 'Weiser', 'cweiserlr@irs.gov', '46805172893', '+380-166-964-2039', 384),
        (785, 'Anatola', 'Ramsby', 'aramsbyls@hubpages.com', '4550136774', '+62-195-240-2442', 321),
        (786, 'Worthy', 'Colman', 'wcolmanlt@unicef.org', '51509260814', '+86-235-107-3728', 519),
        (787, 'Emmanuel', 'Dzenisenka', 'edzenisenkalu@xrea.com', '6150960205', '+56-992-473-4094', null),
        (788, 'Milo', 'Epinay', 'mepinaylv@wufoo.com', '61602183431', '+7-576-916-3420', 623),
        (789, 'Celinda', 'Weeks', 'cweekslw@yellowpages.com', '35907166510', '+237-328-426-8606', 870),
        (790, 'Erinn', 'Spuffard', 'espuffardlx@jigsy.com', '51208276839', '+46-452-560-3273', 219),
        (791, 'Wye', 'Marcinkowski', 'wmarcinkowskily@admin.ch', '43507111058', '+62-400-446-5931', 649),
        (792, 'Charlean', 'Dullard', 'cdullardlz@time.com', '51706213107', '+55-837-436-0733', null),
        (793, 'Eli', 'Sowerby', 'esowerbym0@indiatimes.com', '52112198064', '+216-794-907-6107', 435),
        (794, 'Jamil', 'Windridge', 'jwindridgem1@ezinearticles.com', '4731085177', '+86-652-210-9770', null),
        (795, 'Cyrillus', 'Busswell', 'cbusswellm2@phpbb.com', '4401016859', '+62-244-580-4635', 343),
        (796, 'Roxanna', 'Tuff', 'rtuffm3@imageshack.us', '37103301217', '+63-501-999-0984', null),
        (797, 'Mata', 'Vickers', 'mvickersm4@go.com', '41711135376', '+7-268-454-9946', null),
        (798, 'Lyndsay', 'Sybry', 'lsybrym5@huffingtonpost.com', '43804297322', '+86-986-678-3299', 400),
        (799, 'Anetta', 'Prettyman', 'aprettymanm6@instagram.com', '51901170609', '+86-794-466-9706', 5),
        (800, 'Guthrie', 'Novotni', 'gnovotnim7@unesco.org', '5100158947', '+86-858-832-1414', null),
        (801, 'Daryn', 'Spira', 'dspiram8@zimbio.com', '51201140352', '+420-795-631-6953', 304),
        (802, 'Sena', 'Fritschel', 'sfritschelm9@dot.gov', '51506185905', '+63-568-785-0472', null),
        (803, 'Randie', 'Howey', 'rhoweyma@ihg.com', '51509280979', '+51-156-990-2246', null),
        (804, 'Parrnell', 'Fromont', 'pfromontmb@gmpg.org', '4250986400', '+86-290-618-7488', 154),
        (805, 'Andrea', 'Bengtsson', 'abengtssonmc@springer.com', '31505251995', '+7-988-585-1853', 566),
        (806, 'Feliks', 'McGawn', 'fmcgawnmd@cbsnews.com', '51208188581', '+86-102-856-7404', 337),
        (807, 'Jorge', 'Simonnin', 'jsimonninme@baidu.com', '31010154663', '+63-926-381-8062', 840),
        (808, 'Bastian', 'Wyllcocks', 'bwyllcocksmf@ca.gov', '32309306167', '+385-595-307-8062', 866),
        (809, 'Agata', 'Othen', 'aothenmg@symantec.com', '61909314421', '+7-540-463-7580', null),
        (810, 'Wilhelm', 'Vossgen', 'wvossgenmh@last.fm', '49805182734', '+373-646-711-9917', 251),
        (811, 'Bonny', 'Chadney', 'bchadneymi@1und1.de', '51711299248', '+86-742-874-1687', 575),
        (812, 'Fayth', 'Farherty', 'ffarhertymj@free.fr', '61512279360', '+1-610-568-2092', 353),
        (813, 'Nickey', 'Bennallck', 'nbennallckmk@edublogs.org', '4500549084', '+57-629-206-0313', 653),
        (814, 'Allyn', 'Trays', 'atraysml@blogspot.com', '4171093768', '+7-294-419-5075', 516),
        (815, 'Leeanne', 'Johnston', 'ljohnstonmm@ebay.co.uk', '3821015317', '+63-255-582-3702', 135),
        (816, 'Sofie', 'Foggarty', 'sfoggartymn@jimdo.com', '4290594397', '+31-478-783-5303', 817),
        (817, 'Rosanna', 'Prott', 'rprottmo@phoca.cz', '51308185940', '+227-823-829-1219', null),
        (818, 'Ottilie', 'Sandey', 'osandeymp@springer.com', '39803221436', '+46-575-260-1797', null),
        (819, 'Edward', 'Harbidge', 'eharbidgemq@bluehost.com', '37510131730', '+62-189-498-6967', 678),
        (820, 'Lion', 'Auger', 'laugermr@360.cn', '32904257702', '+387-958-251-3047', 680),
        (821, 'Jareb', 'Melburg', 'jmelburgms@who.int', '34001126694', '+355-977-985-8055', 310),
        (822, 'Helena', 'Moorey', 'hmooreymt@howstuffworks.com', '51010192432', '+86-615-693-5120', 182),
        (823, 'Cinda', 'Kale', 'ckalemu@independent.co.uk', '4580828971', '+382-137-473-8814', null),
        (824, 'Jonah', 'Snalham', 'jsnalhammv@wikia.com', '51002177737', '+7-250-343-0954', 765),
        (825, 'Valina', 'Parcall', 'vparcallmw@army.mil', '33905212670', '+86-276-256-1744', 734),
        (826, 'Christine', 'Jessop', 'cjessopmx@harvard.edu', '45301317152', '+7-313-721-2740', null),
        (827, 'Stanton', 'Sinkings', 'ssinkingsmy@joomla.org', '42809284985', '+81-256-392-2554', 96),
        (828, 'Andrea', 'Wilcocke', 'awilcockemz@forbes.com', '4550648000', '+994-620-204-6175', 109),
        (829, 'Sigismund', 'Burthom', 'sburthomn0@archive.org', '3890393934', '+63-241-694-6965', null),
        (830, 'Raynard', 'Kinker', 'rkinkern1@yahoo.com', '51910302032', '+55-244-990-8290', 512),
        (831, 'Clyde', 'Allott', 'callottn2@newsvine.com', '3440888574', '+54-882-698-0129', 391),
        (832, 'Issy', 'Witton', 'iwittonn3@ted.com', '3511125726', '+7-307-458-9572', 495),
        (833, 'Nobe', 'MacLice', 'nmaclicen4@a8.net', '6130639148', '+66-840-238-5700', null),
        (834, 'Herold', 'Stuart', 'hstuartn5@phpbb.com', '42509243363', '+261-476-520-8520', null),
        (835, 'Enos', 'Sacco', 'esaccon6@digg.com', '45003304964', '+1-210-727-2217', 154),
        (836, 'Sybyl', 'Elven', 'selvenn7@freewebs.com', '61502160096', '+675-932-407-1661', 239),
        (837, 'Jonie', 'FitzGibbon', 'jfitzgibbonn8@hubpages.com', '4540676869', '+374-117-674-9685', 419),
        (838, 'Tarah', 'Gehrtz', 'tgehrtzn9@comcast.net', '51101206749', '+86-661-983-9789', null),
        (839, 'Wilt', 'Corteney', 'wcorteneyna@canalblog.com', '61005305570', '+998-325-704-0869', null),
        (840, 'Bibbie', 'Stobo', 'bstobonb@nhs.uk', '51008202429', '+86-886-729-8880', 287),
        (841, 'Maitilde', 'Goranov', 'mgoranovnc@nationalgeographic.com', '45910177034', '+386-369-105-3559', 548),
        (842, 'Peyton', 'Sanford', 'psanfordnd@ehow.com', '6120173449', '+63-905-561-0982', null),
        (843, 'Dagny', 'de Keep', 'ddekeepne@csmonitor.com', '61704144174', '+31-424-568-5125', 737),
        (844, 'Layton', 'Smitton', 'lsmittonnf@quantcast.com', '4360815240', '+358-330-732-8660', 514),
        (845, 'Stafford', 'Beaconsall', 'sbeaconsallng@geocities.jp', '62103299332', '+7-866-298-3972', 775),
        (846, 'Arlan', 'Avey', 'aaveynh@ucla.edu', '3231125847', '+62-622-776-9618', 186),
        (847, 'Albie', 'Perring', 'aperringni@ted.com', '3350183251', '+7-617-276-9912', null),
        (848, 'Amery', 'Gammage', 'agammagenj@plala.or.jp', '52102101504', '+86-722-703-6187', 260),
        (849, 'Celeste', 'Albrecht', 'calbrechtnk@a8.net', '52101237886', '+51-521-104-6757', 506),
        (850, 'Jessika', 'McFadyen', 'jmcfadyennl@wikispaces.com', '6100254568', '+7-960-925-8895', 178),
        (851, 'Auberta', 'Drover', 'adrovernm@ucla.edu', '6110224867', '+62-702-388-1507', null),
        (852, 'Rikki', 'Edeler', 'redelernn@cafepress.com', '51612200857', '+86-447-806-7211', 515),
        (853, 'Lee', 'Reedie', 'lreedieno@reference.com', '5130388713', '+52-840-994-9652', 538),
        (854, 'Timothy', 'Rosenblath', 'trosenblathnp@example.com', '6101182439', '+227-168-712-9788', 840),
        (855, 'Coriss', 'Merrisson', 'cmerrissonnq@ustream.tv', '4350954799', '+351-513-709-8512', null),
        (856, 'Salaidh', 'Winslett', 'swinslettnr@boston.com', '3640118561', '+383-422-354-2977', 42),
        (857, 'Dasya', 'Burfoot', 'dburfootns@symantec.com', '35104234882', '+86-562-202-3365', 770),
        (858, 'Luelle', 'O''Loinn', 'loloinnnt@sfgate.com', '6130615545', '+1-731-450-9535', 436),
        (859, 'Joanie', 'Scandrick', 'jscandricknu@creativecommons.org', '3200298388', '+62-807-738-9329', 405),
        (860, 'Myron', 'Raiman', 'mraimannv@amazon.co.uk', '61307141730', '+62-926-233-9234', 363),
        (861, 'Michel', 'Jerdon', 'mjerdonnw@furl.net', '42412232689', '+880-872-140-1657', 161),
        (862, 'Marcille', 'Hatton', 'mhattonnx@virginia.edu', '51606250684', '+371-985-175-1602', 348),
        (863, 'Mattie', 'Frick', 'mfrickny@pinterest.com', '42801179523', '+55-876-995-7482', 747),
        (864, 'Serena', 'Kenelin', 'skenelinnz@dailymotion.com', '5131011901', '+81-687-126-8856', 150),
        (865, 'Lena', 'Gwynne', 'lgwynneo0@ft.com', '4630614695', '+380-721-146-2779', null),
        (866, 'Westbrooke', 'MacCarter', 'wmaccartero1@joomla.org', '4180727303', '+63-758-559-7728', 243),
        (867, 'Orson', 'Blything', 'oblythingo2@nifty.com', '4791098352', '+63-807-647-0454', 240),
        (868, 'Gwyn', 'Heber', 'ghebero3@globo.com', '6200615001', '+48-958-511-7072', 744),
        (869, 'Gleda', 'Guidoni', 'gguidonio4@arstechnica.com', '47001167148', '+98-259-966-0823', 734),
        (870, 'Lyndsay', 'Jopp', 'ljoppo5@hud.gov', '52006263678', '+62-561-778-1452', 770),
        (871, 'Brittni', 'Guyet', 'bguyeto6@jimdo.com', '61810173056', '+1-817-720-6638', 612),
        (872, 'Lanie', 'Hollebon', 'lhollebono7@a8.net', '45004301360', '+30-256-230-0328', null),
        (873, 'Elga', 'Brandreth', 'ebrandretho8@illinois.edu', '44310174195', '+81-645-211-6389', 812),
        (874, 'Nissy', 'Blais', 'nblaiso9@blogspot.com', '35608162510', '+7-308-270-8389', 95),
        (875, 'Mella', 'Gluyas', 'mgluyasoa@webmd.com', '51011244642', '+62-485-405-9630', null),
        (876, 'Bart', 'Hartland', 'bhartlandob@patch.com', '51412226882', '+62-419-257-0404', 34),
        (877, 'Griffy', 'Wands', 'gwandsoc@indiatimes.com', '3920635269', '+1-212-442-8905', 756),
        (878, 'El', 'Mougeot', 'emougeotod@behance.net', '45105305187', '+86-622-191-7208', 240),
        (879, 'Lindsay', 'Sinfield', 'lsinfieldoe@ebay.co.uk', '51101141901', '+7-999-466-8194', 496),
        (880, 'Erminia', 'Gallimore', 'egallimoreof@ifeng.com', '48902254936', '+86-957-825-5976', 695),
        (881, 'Alon', 'Whettleton', 'awhettletonog@newyorker.com', '47411134597', '+62-944-791-8028', 305),
        (882, 'Nicki', 'Ingleby', 'ninglebyoh@cbc.ca', '4510270486', '+351-414-999-2071', 66),
        (883, 'Aleen', 'Cloute', 'aclouteoi@ucsd.edu', '61107286288', '+46-863-851-4790', 411),
        (884, 'Giacinta', 'Colvill', 'gcolvilloj@elegantthemes.com', '5200280016', '+374-613-738-8192', 804),
        (885, 'Kristofor', 'Leavy', 'kleavyok@hao123.com', '43609250357', '+351-327-208-9556', 76),
        (886, 'Izzy', 'Cammish', 'icammishol@apple.com', '6110178994', '+86-869-243-4925', null),
        (887, 'Hogan', 'Cornish', 'hcornishom@facebook.com', '3560829805', '+1-571-445-9184', 300),
        (888, 'Dulci', 'Clibbery', 'dclibberyon@com.com', '51302239560', '+255-627-605-1940', 578),
        (889, 'Didi', 'Corradeschi', 'dcorradeschioo@yelp.com', '6150277362', '+62-936-319-5744', 372),
        (890, 'Michale', 'Bartot', 'mbartotop@github.com', '42101237075', '+86-980-896-0908', 77),
        (891, 'Lelah', 'Belly', 'lbellyoq@livejournal.com', '42101247286', '+420-581-867-1367', null),
        (892, 'Josselyn', 'Bernette', 'jbernetteor@bravesites.com', '51503166225', '+33-129-884-2293', 728),
        (893, 'Robinette', 'Maltby', 'rmaltbyos@ft.com', '61406289965', '+86-484-671-6679', 349),
        (894, 'Bryana', 'Gianullo', 'bgianulloot@weibo.com', '45109312532', '+51-898-279-6072', 592),
        (895, 'Kathi', 'Tuftin', 'ktuftinou@nbcnews.com', '6171191014', '+95-888-923-5944', 611),
        (896, 'Anneliese', 'Crowd', 'acrowdov@yellowbook.com', '31703101333', '+86-601-684-6962', 313),
        (897, 'Natalee', 'Chansonnau', 'nchansonnauow@miibeian.gov.cn', '5201035447', '+86-531-476-7620', 446),
        (898, 'Barbaraanne', 'MacVicar', 'bmacvicarox@themeforest.net', '43308301677', '+351-805-461-6904', 186),
        (899, 'Rosmunda', 'Benedidick', 'rbenedidickoy@baidu.com', '51112211696', '+46-968-633-3501', null),
        (900, 'Ruperta', 'Torrese', 'rtorreseoz@lulu.com', '62007186781', '+33-265-336-2176', 400),
        (901, 'Brandyn', 'McCrainor', 'bmccrainorp0@dedecms.com', '6121149204', '+7-650-219-6897', null),
        (902, 'Jayson', 'Wolton', 'jwoltonp1@hibu.com', '47002255487', '+62-278-446-2201', 178),
        (903, 'Gussy', 'Gelletly', 'ggelletlyp2@unicef.org', '5190154581', '+31-752-419-0857', 209),
        (904, 'Hurlee', 'McHan', 'hmchanp3@networksolutions.com', '5110456932', '+46-949-199-5219', null),
        (905, 'Lurleen', 'Daouze', 'ldaouzep4@google.nl', '51510231319', '+63-184-470-9955', 633),
        (906, 'Valene', 'Mattevi', 'vmattevip5@last.fm', '61404261826', '+20-648-821-0662', null),
        (907, 'Thurston', 'Buey', 'tbueyp6@mozilla.org', '34603255299', '+505-831-268-2246', 863),
        (908, 'Phineas', 'Kingzett', 'pkingzettp7@vimeo.com', '3240514072', '+64-697-944-9675', 69),
        (909, 'Mar', 'Langtree', 'mlangtreep8@state.gov', '6160596803', '+7-337-996-9842', null),
        (910, 'Denis', 'Blackstock', 'dblackstockp9@kickstarter.com', '3390787848', '+86-866-648-5204', 147),
        (911, 'Evangelia', 'Whitters', 'ewhitterspa@digg.com', '52003253875', '+850-990-462-6800', 596),
        (912, 'Jeremy', 'Wayper', 'jwayperpb@sakura.ne.jp', '42608206856', '+63-538-850-8917', 188),
        (913, 'Borden', 'Acum', 'bacumpc@mediafire.com', '5150574442', '+62-450-390-2128', null),
        (914, 'Allie', 'Dicker', 'adickerpd@furl.net', '5151124797', '+359-668-792-7309', null),
        (915, 'Britni', 'McMeyler', 'bmcmeylerpe@illinois.edu', '61602111735', '+7-653-872-2141', 861),
        (916, 'Clemmy', 'Burdin', 'cburdinpf@kickstarter.com', '61602146122', '+86-276-681-0269', null),
        (917, 'Marcellus', 'Risbie', 'mrisbiepg@linkedin.com', '61404169914', '+31-128-422-9438', 154),
        (918, 'Fields', 'Orrobin', 'forrobinph@gravatar.com', '37905124199', '+86-884-708-2010', 221),
        (919, 'Patsy', 'Radband', 'pradbandpi@mayoclinic.com', '51208167277', '+62-282-514-1992', 294),
        (920, 'Antonietta', 'Baitey', 'abaiteypj@dyndns.org', '47311220644', '+86-699-316-9481', 96),
        (921, 'Haslett', 'Presdee', 'hpresdeepk@symantec.com', '6171191197', '+86-576-386-3374', null),
        (922, 'Alastair', 'Hutt', 'ahuttpl@answers.com', '61301224159', '+51-524-331-0704', null),
        (923, 'Christabel', 'Sinyard', 'csinyardpm@discuz.net', '3860376432', '+86-546-151-7999', null),
        (924, 'Gustaf', 'Waterson', 'gwatersonpn@clickbank.net', '51804292218', '+7-323-762-8615', 235),
        (925, 'Lena', 'Kermath', 'lkermathpo@psu.edu', '51002257000', '+242-784-365-8182', 647),
        (926, 'Neysa', 'Meadmore', 'nmeadmorepp@nationalgeographic.com', '51412186369', '+62-560-751-6413', 293),
        (927, 'Fanchon', 'Slayny', 'fslaynypq@youtube.com', '47607188059', '+86-830-155-4661', 574),
        (928, 'Adriana', 'Shawley', 'ashawleypr@webeden.co.uk', '61911111692', '+66-284-729-1870', null),
        (929, 'Morgen', 'Fairham', 'mfairhamps@cnet.com', '62011264791', '+62-453-194-7727', 582),
        (930, 'Deedee', 'McNellis', 'dmcnellispt@prlog.org', '33512158320', '+86-380-543-0952', 85),
        (931, 'Elbertina', 'Bigglestone', 'ebigglestonepu@nytimes.com', '61708213032', '+420-401-550-4453', 686),
        (932, 'Brian', 'Jecks', 'bjeckspv@dagondesign.com', '5130188321', '+55-510-119-7437', 115),
        (933, 'Ellery', 'Glasgow', 'eglasgowpw@printfriendly.com', '49605165428', '+33-216-636-3718', 681),
        (934, 'Gerri', 'Pietrzyk', 'gpietrzykpx@salon.com', '61909191112', '+1-301-606-3660', null),
        (935, 'Dido', 'Pering', 'dperingpy@ft.com', '5210790547', '+218-423-261-5667', 666),
        (936, 'Saxe', 'Waddoups', 'swaddoupspz@diigo.com', '41708165277', '+63-644-583-3116', null),
        (937, 'Tristam', 'Duffie', 'tduffieq0@domainmarket.com', '61506109231', '+55-826-253-5028', 753),
        (938, 'Catarina', 'Paramore', 'cparamoreq1@nasa.gov', '4870560694', '+976-508-118-6171', 654),
        (939, 'Olin', 'Hazelgrove', 'ohazelgroveq2@webs.com', '4440832541', '+380-996-692-6000', null),
        (940, 'Ulises', 'Stockell', 'ustockellq3@chicagotribune.com', '61409265640', '+7-641-183-6354', 234),
        (941, 'Reeta', 'Mithon', 'rmithonq4@g.co', '38807146354', '+86-184-962-4716', 379),
        (942, 'Erena', 'Battson', 'ebattsonq5@creativecommons.org', '47501149652', '+46-696-967-6503', 796),
        (943, 'Myrlene', 'O''Gormally', 'mogormallyq6@disqus.com', '37909283793', '+86-917-805-2682', null),
        (944, 'Federico', 'Gipp', 'fgippq7@people.com.cn', '51709220198', '+351-783-916-2095', 578),
        (945, 'Kyle', 'Heskey', 'kheskeyq8@hugedomains.com', '38107307599', '+62-704-557-7168', 824),
        (946, 'Conant', 'Warlowe', 'cwarloweq9@last.fm', '51106281555', '+385-185-279-9693', 734),
        (947, 'Creigh', 'Cutajar', 'ccutajarqa@drupal.org', '42503214497', '+7-290-389-3926', null),
        (948, 'Felipe', 'Minogue', 'fminogueqb@yolasite.com', '61508277453', '+93-563-911-5633', null),
        (949, 'Ripley', 'McMurray', 'rmcmurrayqc@is.gd', '51007200859', '+49-344-524-0226', 237),
        (950, 'Lannie', 'Patrone', 'lpatroneqd@tmall.com', '5180181876', '+86-157-682-1481', 142),
        (951, 'Brook', 'Skase', 'bskaseqe@bravesites.com', '61111223262', '+62-424-797-0408', null),
        (952, 'Sheelagh', 'Formby', 'sformbyqf@nature.com', '51305178186', '+86-868-369-6237', 32),
        (953, 'Frederica', 'Aizikov', 'faizikovqg@usatoday.com', '52108226326', '+256-229-604-6971', 802),
        (954, 'Audry', 'Giametti', 'agiamettiqh@reference.com', '45212123788', '+82-820-963-7189', 509),
        (955, 'Turner', 'Bugge', 'tbuggeqi@usatoday.com', '51304125020', '+62-565-505-5328', 376),
        (956, 'Sunny', 'Wingeat', 'swingeatqj@constantcontact.com', '61002107049', '+255-180-395-6446', 403),
        (957, 'Dynah', 'Urlich', 'durlichqk@cpanel.net', '46507303770', '+62-650-888-0766', 627),
        (958, 'Baryram', 'Nawton', 'bnawtonql@hp.com', '43703200803', '+86-868-980-9284', null),
        (959, 'Sianna', 'Trussell', 'strussellqm@freewebs.com', '51607266749', '+86-910-451-8294', 797),
        (960, 'Barbaraanne', 'Reeson', 'breesonqn@bizjournals.com', '36601170589', '+229-644-351-2108', 260),
        (961, 'Mureil', 'Spaight', 'mspaightqo@columbia.edu', '34109254667', '+33-163-952-9346', null),
        (962, 'Vaughan', 'Mepsted', 'vmepstedqp@istockphoto.com', '61306190362', '+351-620-171-1901', null),
        (963, 'Rufus', 'Bracken', 'rbrackenqq@amazon.com', '33107132174', '+261-502-278-9014', 481),
        (964, 'Ivor', 'Zemler', 'izemlerqr@liveinternet.ru', '41307299568', '+62-376-364-9194', 431),
        (965, 'Tony', 'Espie', 'tespieqs@hexun.com', '32105127615', '+63-585-892-2941', 614),
        (966, 'Shanan', 'Cardello', 'scardelloqt@ucla.edu', '6140299141', '+86-867-352-8773', null),
        (967, 'Andrus', 'Pedwell', 'apedwellqu@admin.ch', '6170441428', '+86-377-698-0637', 606),
        (968, 'Brion', 'Badam', 'bbadamqv@multiply.com', '61405276038', '+33-493-977-8558', 601),
        (969, 'Obadiah', 'Mary', 'omaryqw@spiegel.de', '47303126199', '+62-151-742-1776', 539),
        (970, 'Milo', 'Swannack', 'mswannackqx@jigsy.com', '6201072047', '+62-798-959-7854', 10),
        (971, 'Bette-ann', 'Bothbie', 'bbothbieqy@ow.ly', '4820283291', '+234-399-139-3194', null),
        (972, 'Domeniga', 'Cowen', 'dcowenqz@bbc.co.uk', '45205240526', '+976-406-702-7131', 29),
        (973, 'Chere', 'Gurery', 'cgureryr0@xinhuanet.com', '52104167437', '+63-261-318-5319', 385),
        (974, 'Hesther', 'Smale', 'hsmaler1@uol.com.br', '61604147787', '+62-841-116-1745', 704),
        (975, 'Kipper', 'Buckel', 'kbuckelr2@paypal.com', '35307108711', '+60-869-100-2457', 657),
        (976, 'Brose', 'Rebichon', 'brebichonr3@t-online.de', '4801152694', '+62-272-423-7358', 486),
        (977, 'Hersh', 'Wear', 'hwearr4@zdnet.com', '61508166804', '+52-193-876-2778', 363),
        (978, 'Nicolai', 'Semonin', 'nsemoninr5@ovh.net', '35109283688', '+60-397-467-5480', 700),
        (979, 'Zaria', 'Witherop', 'zwitheropr6@de.vu', '5210125585', '+374-155-193-9739', null),
        (980, 'Benjie', 'Rizzardini', 'brizzardinir7@amazon.com', '46009234632', '+1-253-486-1777', 885),
        (981, 'Shayne', 'Abbatucci', 'sabbatuccir8@elpais.com', '61507156324', '+370-149-873-2341', 770),
        (982, 'Leelah', 'Ochterlony', 'lochterlonyr9@wordpress.com', '6101290840', '+351-998-161-7995', 853),
        (983, 'Kaja', 'Convery', 'kconveryra@yandex.ru', '35506126188', '+66-317-973-9804', null),
        (984, 'Maxine', 'Murley', 'mmurleyrb@bandcamp.com', '48109149796', '+52-788-943-7859', 92),
        (985, 'Waiter', 'Pavie', 'wpavierc@odnoklassniki.ru', '51703171872', '+234-762-747-2706', 629),
        (986, 'Sallyann', 'Booker', 'sbookerrd@google.nl', '41510184817', '+64-933-333-4193', 774),
        (987, 'Kennan', 'Dandie', 'kdandiere@ft.com', '3551154126', '+63-314-726-9791', 625),
        (988, 'Clemente', 'Haward', 'chawardrf@google.pl', '36304169480', '+62-951-655-0065', 237),
        (989, 'Porter', 'Rable', 'prablerg@google.it', '61207304723', '+86-361-683-9782', null),
        (990, 'Bobbye', 'Papworth', 'bpapworthrh@washingtonpost.com', '45701262499', '+33-509-790-9133', null),
        (991, 'Gilli', 'Farndell', 'gfarndellri@phoca.cz', '4950758418', '+54-530-413-8996', null),
        (992, 'Zechariah', 'Biskup', 'zbiskuprj@vistaprint.com', '33709243725', '+223-224-820-2387', 802),
        (993, 'Devina', 'Abbotson', 'dabbotsonrk@fastcompany.com', '37911187232', '+86-902-531-4473', 85),
        (994, 'Chelsy', 'Cicci', 'cciccirl@mozilla.org', '61704199784', '+55-912-618-6993', 460),
        (995, 'Diannne', 'Di Gregorio', 'ddigregoriorm@arizona.edu', '61301194223', '+46-296-177-2570', 482),
        (996, 'Orlan', 'Anand', 'oanandrn@zdnet.com', '3220554756', '+33-171-540-8076', 844),
        (997, 'Neddy', 'Faich', 'nfaichro@apache.org', '51303163880', '+7-359-800-0067', 429),
        (998, 'Eduardo', 'Bugge', 'ebuggerp@digg.com', '32503291067', '+86-927-403-8880', 535),
        (999, 'Vin', 'Nutkins', 'vnutkinsrq@edublogs.org', '62108215843', '+62-495-353-8874', 839),
        (1000, 'Merralee', 'Botger', 'mbotgerrr@over-blog.com', '3481099161', '+1-504-557-6793', 601);
insert into states (id, title, type)
values  (1, 'Suspended', 'address'),
        (2, 'Suspended', 'person'),
        (3, 'Active', 'person'),
        (4, 'Active', 'address'),
        (5, 'Inactive', 'person'),
        (6, 'Inactive', 'address');
insert into users (id, person_id, password, name, state)
values  (1, 990, 'yfOGf90Yt62m', 'wrainsdon0', 2),
        (2, 777, 'FRwVEQu', 'clogsdale1', 1),
        (3, 717, 'Ed3sVA', 'dcristofori2', 2),
        (4, 127, 'BpOX31C9hm', 'bharmstone3', 1),
        (5, 285, 'j68rAVjr', 'fbanker4', 2),
        (6, 454, 'MQCWtZy3KJrA', 'jleeman5', 2),
        (7, 500, '2834uZl2R', 'jkitcherside6', 2),
        (8, 861, 'NtPxQHahFN', 'lfausch7', 2),
        (9, 950, 'KlgolmMNP', 'jkytter8', 1),
        (10, 629, 'VafBJtPwU890', 'fbrumfitt9', 3),
        (11, 710, 'FT7Aa4B', 'prawlina', 2),
        (12, 652, '7AHlG6JZYw3', 'dforemanb', 1),
        (13, 282, 'CCV7NmE', 'cfyfieldc', 3),
        (14, 812, 'FZCuI9501', 'hghidolid', 2),
        (15, 137, '7jvX6G6C4o', 'raimsone', 2),
        (16, 96, '3rko6ItM5FV', 'msinneyf', 3),
        (17, 196, '7cLGbjNtBa', 'glatekg', 2),
        (18, 948, 'C0amxHSlvBme', 'omcvaughh', 3),
        (19, 337, 'k1iJ2QmZ59r', 'cscamali', 2),
        (20, 461, 'vBPOw6Fo', 'etebbettj', 3),
        (21, 609, 'RJlddIU0a6', 'bdittsonk', 1),
        (22, 833, '6CVvJy', 'dhulbertl', 3),
        (23, 309, 'oXrkIcl4B', 'ldoxeym', 2),
        (24, 322, 'AmdLptK9z', 'tlathayen', 2),
        (25, 467, 'jkPzmo', 'bcoltono', 3),
        (26, 258, 'SqaPG8ymtsef', 'gprinep', 2),
        (27, 273, 'C9PlvRnc9', 'rgoaksq', 2),
        (28, 990, '5uPhuZSRm5c', 'amapstoner', 3),
        (29, 502, 'nPrp0z', 'sfrounkss', 2),
        (30, 298, 'euDAPHMU8', 'gbanbrookt', 1),
        (31, 122, 'M1Ys9jr', 'thaffordu', 3),
        (32, 263, 'hn32YocDYf', 'fmusprattv', 3),
        (33, 806, 'lnRmyzh2J3YW', 'escroggsw', 3),
        (34, 199, '4QiBXu5h', 'abroadx', 1),
        (35, 260, 'dUYd1Xyyb', 'rbuziny', 1),
        (36, 714, 'nHbUk1a', 'qglenniez', 1),
        (37, 259, '8OjA2oJ', 'ejenney10', 3),
        (38, 984, 'Luom86h8EEtg', 'ltalman11', 2),
        (39, 176, 'iBfRSXSVKyZ', 'cimison12', 3),
        (40, 453, 'pBvqlKF5KNw', 'wsebring13', 3),
        (41, 189, '1MQPAgO', 'davieson14', 3),
        (42, 75, 'LBYtG4', 'chanselmann15', 3),
        (43, 389, 'UAwvo36J', 'cinglesant16', 2),
        (44, 4, 'WGXkHXUL', 'kthoumasson17', 1),
        (45, 435, 'X3mmdVKL4Y', 'etynnan18', 3),
        (46, 501, '2eriszKc', 'mhaughton19', 2),
        (47, 444, '0fsc1Fd68', 'dlaugharne1a', 2),
        (48, 873, 'xUXDRC', 'bgulleford1b', 2),
        (49, 238, '2rja2jSqArA', 'amawhinney1c', 3),
        (50, 966, 'hJmH6m', 'udowrey1d', 1),
        (51, 591, 'xHDou0rfqDy2', 'twrangle1e', 2),
        (52, 965, 'HrBRUzc7', 'lgaspard1f', 2),
        (53, 697, 'wshhJDl5', 'ceke1g', 3),
        (54, 462, '2pDPFHx0s0', 'eoldridge1h', 2),
        (55, 319, 'n0oscEbSu', 'jridgeway1i', 3),
        (56, 553, 'xyRzIE', 'lbissatt1j', 1),
        (57, 896, 'Kt9MCkGQL', 'apreshaw1k', 1),
        (58, 874, 'sxpmKu', 'lduesbury1l', 1),
        (59, 110, 'MgKWFVnr', 'anewitt1m', 2),
        (60, 235, 'B56Mz4gU', 'whedaux1n', 2),
        (61, 536, 'CnmX8A5xKSlg', 'brooper1o', 1),
        (62, 610, 'qy6AlPTA6pEP', 'hdeekes1p', 1),
        (63, 992, 'INFGEQpYl7Tn', 'pdearlove1q', 3),
        (64, 774, 'l8OUjHQ', 'sdagg1r', 1),
        (65, 139, 'gO5sIoT5EAw5', 'adymond1s', 3),
        (66, 401, 'Wz7YPjAva', 'gdarcey1t', 3),
        (67, 24, '0yfzxTm', 'kcackett1u', 2),
        (68, 918, 'Np6sl7nmZ', 'kodegaard1v', 3),
        (69, 838, '49tWoF', 'lfreer1w', 2),
        (70, 300, '5uFHtR7dy1', 'aorgill1x', 3),
        (71, 68, 'XkeX7wg', 'mlafuente1y', 2),
        (72, 463, 'LAd4nS3', 'rgaskall1z', 3),
        (73, 877, 'Cuk3Tt', 'abussel20', 3),
        (74, 238, 'ERz0Zs9', 'rbarson21', 3),
        (75, 403, '2Ikm8UBDB', 'jmartina22', 3),
        (76, 984, 'A32Jvio', 'ggumbley23', 1),
        (77, 164, 'z5OeGE', 'hkarlsen24', 1),
        (78, 918, 'NwTHWbkRvII8', 'jkoppel25', 1),
        (79, 837, '4h3O5yEpLTeT', 'alaurentin26', 3),
        (80, 342, 'AoZPmxOsj', 'jzanitti27', 1),
        (81, 537, 'xwtI1txNTDvP', 'dmcmeekin28', 3),
        (82, 14, 'DZhysKRvl6S', 'ndaw29', 2),
        (83, 530, '85PT3uPiHTWl', 'lcasham2a', 2),
        (84, 278, 'kIFMF2LJS', 'atomsa2b', 3),
        (85, 568, '34AR9G63BL3', 'sdelias2c', 2),
        (86, 3, 'tPHgtmWudU2', 'mkarczinski2d', 1),
        (87, 669, 'dIbCpK5daT', 'bgammel2e', 2),
        (88, 73, '9EENV1', 'gblue2f', 1),
        (89, 676, 'Yj5cabGHXi', 'lhillitt2g', 3),
        (90, 301, '7wcCgVyyc1j', 'hmacdonell2h', 1),
        (91, 312, 'MWQsYL', 'rrooney2i', 3),
        (92, 140, 'O8RQaiwV', 'tconkey2j', 3),
        (93, 892, 'gPN9l195', 'mthornebarrow2k', 1),
        (94, 280, 'jEMDswxNbWE', 'lgindghill2l', 3),
        (95, 888, 'PI3f3hO', 'crennock2m', 1),
        (96, 269, 'GOXWAf', 'bjohl2n', 1),
        (97, 551, 'hqLhE389q9', 'jbristowe2o', 2),
        (98, 878, '3zU89R0ywR', 'kmattheis2p', 1),
        (99, 610, 'rkA3V4bwB6', 'udamp2q', 1),
        (100, 230, 'NRF2GAgNI', 'loehm2r', 2),
        (101, 528, 'BpvPjbm', 'ayerlett2s', 3),
        (102, 748, 'nl5uP1Xyt', 'pdonat2t', 3),
        (103, 657, 'zANHYGvd4t', 'ilightbowne2u', 3),
        (104, 656, 'jA9p864foxAM', 'mshorten2v', 1),
        (105, 681, '7uZkYa', 'pabbie2w', 3),
        (106, 538, 'CCOYTA', 'lschaben2x', 3),
        (107, 7, 'FYOJ65CHR', 'amcknish2y', 1),
        (108, 743, 'yCUh6V', 'amcglue2z', 2),
        (109, 603, 'iqsHf9YZ7rEf', 'sbryan30', 2),
        (110, 758, 'G9OLK33ppB', 'sgingell31', 3),
        (111, 347, 'kzpluBmlR86', 'mgofton32', 2),
        (112, 615, 'DbTlV7', 'gmurtell33', 2),
        (113, 878, 'I62uQ0uGGlu7', 'pchateau34', 2),
        (114, 262, 'H8ORpPzWGL', 'ewhitmell35', 2),
        (115, 896, 'hG05jMnJ5UC', 'ppeele36', 3),
        (116, 121, 'Nrlt9O', 'jcrookston37', 1),
        (117, 966, 'ZzEY5Kp', 'tbloggett38', 3),
        (118, 406, 'ug9Ak8t4cNu', 'frowland39', 2),
        (119, 510, 'vHdkEPzMEH', 'dpady3a', 1),
        (120, 679, 'LTcTI8p3GoV3', 'bmerrison3b', 3),
        (121, 157, '3SZgsyb9tg', 'uglinde3c', 2),
        (122, 335, 'f1FEgaL', 'ogreet3d', 1),
        (123, 118, 'WBpMh5', 'schippin3e', 2),
        (124, 771, 'mgt68MeKDBLW', 'oklampk3f', 1),
        (125, 157, 'n1PLhpV4r', 'dbarden3g', 3),
        (126, 160, 'ylFY6rUen7', 'hwilkinson3h', 1),
        (127, 202, 'BdZRLEyz6As', 'fknuckles3i', 2),
        (128, 716, 'Wp4Y0pKR3VtO', 'cgurnett3j', 1),
        (129, 894, 'DhIZVFEGUTg', 'hmccuish3k', 1),
        (130, 200, '7yejyXMqL', 'mgeering3l', 3),
        (131, 626, 'EDg1IdDZ5', 'awalkling3m', 3),
        (132, 867, 'dzvRN0', 'vrumford3n', 1),
        (133, 82, '3KhVSVPGc', 'gbrentnall3o', 3),
        (134, 641, 't9C0Ug9', 'ssparks3p', 3),
        (135, 524, 'nfdUc2m', 'ckidney3q', 1),
        (136, 222, 'ktdUX2QyVZVA', 'elegrove3r', 1),
        (137, 753, 'E6pPXYy', 'jborrott3s', 2),
        (138, 461, 'l9bsu6oOLA', 'wdicky3t', 1),
        (139, 588, 'I0k433', 'tkeaveney3u', 2),
        (140, 461, 's1WSqy', 'aokelly3v', 2),
        (141, 50, 'qXIBj2QJ', 'atimson3w', 1),
        (142, 349, 'Kw6oMI', 'tlethieulier3x', 3),
        (143, 252, 'Rzw7c5jY3iIs', 'bhacquoil3y', 1),
        (144, 100, 'uxXjELdG5', 'gleist3z', 1),
        (145, 116, 'me0Pl64', 'pcoggins40', 2),
        (146, 175, '9dI9hGp', 'jcreddon41', 3),
        (147, 891, 'gzKTSAQD', 'sjarad42', 1),
        (148, 819, 'yDJMVAtN', 'akohtler43', 3),
        (149, 941, 'S8JtlZiFIX', 'msweetnam44', 1),
        (150, 75, '1GgiXt7cRJQ', 'rcoraini45', 1),
        (151, 443, '6vIQi6', 'mdobbs46', 2),
        (152, 121, 'U7b23DSVKwXq', 'pkensington47', 3),
        (153, 412, '3pkoycLc', 'ntrout48', 2),
        (154, 515, 'jdkCVvuv', 'tvieyra49', 2),
        (155, 973, 'KqCcgKIW', 'ppiddington4a', 3),
        (156, 841, 'LkUAES0cWwtr', 'goleary4b', 2),
        (157, 483, 'LJrGO91D', 'csarginson4c', 2),
        (158, 580, 'o1tC9H', 'ltall4d', 2),
        (159, 724, 'N7TLFKj6d7r', 'gfishenden4e', 3),
        (160, 316, 'Im1i8dO', 'fosgar4f', 3),
        (161, 951, 'v5DkLSr', 'jandrusyak4g', 3),
        (162, 517, '6k1YD4es5tE', 'nmulvin4h', 3),
        (163, 140, 'S045lr', 'cmollen4i', 2),
        (164, 732, '4wH0MTy', 'gmatteacci4j', 1),
        (165, 365, 'QuNvPZ9tPYd', 'qcouldwell4k', 2),
        (166, 886, 'YKY5Ppk3J', 'atrew4l', 1),
        (167, 887, 'rmreJWXn4', 'mbattill4m', 3),
        (168, 762, '8BzEMvGLZBYd', 'hwhittlesey4n', 1),
        (169, 383, 'kn5j0nRu', 'gsibille4o', 3),
        (170, 74, '39CLjh4QQi', 'dmaseres4p', 3),
        (171, 723, 'q8AcRbtqB', 'gstaggs4q', 3),
        (172, 66, 'geXVSvzAwtS1', 'mdowthwaite4r', 2),
        (173, 720, 'B2wazpe', 'vhiseman4s', 2),
        (174, 849, 'YvwTETmS', 'mbeddis4t', 3),
        (175, 560, '3FPn9RU8JoO', 'delleray4u', 3),
        (176, 899, 'D2321Zs1G1r0', 'zgrzelczak4v', 2),
        (177, 386, 'aKx1E8lztx', 'dmcilvaney4w', 1),
        (178, 933, '25oUHwc5T', 'vmacrury4x', 1),
        (179, 93, 'RrIbKcveu', 'obassingden4y', 3),
        (180, 683, '0vlCSAJs', 'ctaye4z', 1),
        (181, 757, 'iQui4wfGu', 'spinhorn50', 2),
        (182, 915, 'srLl84CW36', 'omessiter51', 1),
        (183, 493, 'paqzI3wCg', 'gbeckley52', 1),
        (184, 144, 'CQH9B0ot', 'cwelband53', 3),
        (185, 614, '7gWpWH4DkR', 'sscarce54', 3),
        (186, 492, 'GPF79vnz', 'jhiscocks55', 3),
        (187, 60, 'pVhQ1ekAQ', 'kdanigel56', 2),
        (188, 135, 'Q5nUyWoWIn6Q', 'fgussin57', 3),
        (189, 451, 'N8gNoKJ5C', 'njohantges58', 1),
        (190, 955, 'JZGbf7', 'ashelborne59', 2),
        (191, 657, 'QeQI1gUCuxEa', 'dfobidge5a', 3),
        (192, 684, 'Pd7VtZw7fv', 'ssandes5b', 3),
        (193, 995, '5wzrFA', 'rmerlin5c', 2),
        (194, 88, 'gCOGzznV', 'ahuffer5d', 1),
        (195, 871, 'EjuLPewYPDE', 'mlocal5e', 1),
        (196, 891, '5tGqENFDE', 'jeddicott5f', 2),
        (197, 338, 'cAVXuqcnwoe', 'gfrenzel5g', 1),
        (198, 721, 'nXbw8aJM', 'sfrape5h', 3),
        (199, 850, 'YNVontpP', 'cmateus5i', 1),
        (200, 859, 'FLhYrhm1h', 'mcristofano5j', 1),
        (201, 11, 'PTEovPBME0', 'stebbet5k', 3),
        (202, 754, 'XVBSAh4Zp', 'mdesport5l', 2),
        (203, 796, 'fNotrEev', 'wdelchecolo5m', 3),
        (204, 80, 'KnF3oBoHNu', 'fmallen5n', 2),
        (205, 388, 'X9RWNsNox', 'vgniewosz5o', 2),
        (206, 777, 'qGAq0PjMY6zt', 'rtremellan5p', 1),
        (207, 332, 'qmABpmRZp', 'helbourn5q', 3),
        (208, 406, '6LldxY8w', 'mjuster5r', 1),
        (209, 985, '1XZljR6', 'bborley5s', 2),
        (210, 611, 'xn9nFkGLzR', 'tcorselles5t', 2),
        (211, 156, 'DRpjvg', 'gkettles5u', 2),
        (212, 801, '4MQ9c8', 'skeems5v', 3),
        (213, 976, 'VdDjTiPpkd', 'tmcmorran5w', 2),
        (214, 85, 'Lo267Jc0Tk1', 'cahmed5x', 1),
        (215, 483, '9TWzLh0jH', 'etapsell5y', 3),
        (216, 993, 'UIaLTkvL', 'rdallon5z', 2),
        (217, 270, 'D681SqPKOu', 'klovitt60', 1),
        (218, 953, 'kq2qQ9sS', 'cheigold61', 1),
        (219, 636, 'M9y4c1U', 'bgrills62', 2),
        (220, 894, '1kn4kR0', 'mlacy63', 1),
        (221, 100, 'CQa9pl8aG6S', 'scheley64', 3),
        (222, 959, 'fdkwTwvtfu', 'llippo65', 1),
        (223, 829, 'jOibxE', 'chenrion66', 3),
        (224, 242, 'cAH5QzfB', 'bbalcombe67', 2),
        (225, 495, 'lnlZ2n1BiS8H', 'mdoerr68', 3),
        (226, 750, 'Z6X93ZVo', 'rbegbie69', 1),
        (227, 33, 'TxSCFH0P', 'lhalfpenny6a', 2),
        (228, 342, 'I8WGKGKQV', 'sgilardoni6b', 2),
        (229, 116, '7vD01Bf', 'glevin6c', 1),
        (230, 684, 'T60KVfYt2I7b', 'fdreschler6d', 3),
        (231, 792, 'sgWdnz', 'bconkey6e', 3),
        (232, 834, 'Mdj8QQjHWoS', 'ddobrovolny6f', 1),
        (233, 375, 'HJoVe1SFIkNq', 'scurness6g', 2),
        (234, 626, 'wUQPAQJPSRlK', 'hwesterman6h', 2),
        (235, 558, '4z6Bufs3O', 'hdundon6i', 2),
        (236, 232, 'EvXIbgn0odH9', 'slowey6j', 1),
        (237, 836, '2pBvCHjS', 'hvigrass6k', 3),
        (238, 369, 'wjE3zh', 'tsmewin6l', 2),
        (239, 500, 'I5boiVGuy', 'asymondson6m', 3),
        (240, 739, 'DQYUOdnvqIx', 'dgraser6n', 3),
        (241, 296, 'Flaxc4zY1Yl', 'cjaques6o', 2),
        (242, 721, 'AU4ukoq', 'ohollingshead6p', 1),
        (243, 343, '2eRnvu8Jnx6', 'bbridywater6q', 2),
        (244, 278, 'Hp30TYkOs1S', 'bvaz6r', 3),
        (245, 316, 'cTVeL7', 'egall6s', 3),
        (246, 569, 'VND4VzJ', 'fpittendreigh6t', 2),
        (247, 566, '4eosUU3', 'otustin6u', 1),
        (248, 542, 'eFPjXOckIiZ', 'reasson6v', 3),
        (249, 663, 'zfdetABgz', 'mberrington6w', 1),
        (250, 919, 'u5abiOiM0FaL', 'twicks6x', 3),
        (251, 517, '7fHsyk', 'jsuller6y', 3),
        (252, 344, 'fn2HPs31x55', 'fweiss6z', 3),
        (253, 32, 'zYit7yVO9B', 'hsawl70', 2),
        (254, 853, '8EMQNaK0jc', 'ddargie71', 1),
        (255, 141, 'ySXLWSAwwL', 'ascrowston72', 3),
        (256, 606, 'R4Er5h', 'leckert73', 2),
        (257, 35, 'JhOKh0qfC', 'mpenvarden74', 1),
        (258, 82, 'yC4RpYCeCMvE', 'rheber75', 1),
        (259, 838, 'fMaBTcixn', 'tisaq76', 3),
        (260, 136, 'iASCub', 'ccappleman77', 1),
        (261, 80, 'OMuBr8U40tV', 'clatliff78', 3),
        (262, 681, 'tvYnI0n', 'ltertre79', 2),
        (263, 745, 'JQLjuU9o3u9', 'igilpin7a', 3),
        (264, 602, 'Lem9X6K62HjS', 'lgrimsey7b', 1),
        (265, 220, 'bemiCP5', 'dscibsey7c', 3),
        (266, 437, 'dsffBqD6R', 'jcast7d', 3),
        (267, 789, '1gUrUWhvcl', 'gweatherdon7e', 3),
        (268, 60, 'LgHE2T', 'pwerndly7f', 2),
        (269, 279, 'v1Ft3Id', 'ttodd7g', 1),
        (270, 638, 'PVpRIMjgqnvY', 'lbett7h', 3),
        (271, 320, 'v1vfWb', 'egiraldo7i', 2),
        (272, 664, 'kuRDHvrAt7L', 'ktothacot7j', 1),
        (273, 684, 'rsEtscQad', 'ggiraudou7k', 2),
        (274, 334, 'nq5Vj76X4h', 'dhanaby7l', 1),
        (275, 678, 'wg6VDB', 'mgley7m', 3),
        (276, 688, '9frsZl1', 'lyakobovicz7n', 1),
        (277, 642, 'Cb5n7L5weL', 'ododgson7o', 1),
        (278, 575, 'AKcFbgg5XrE', 'clorincz7p', 1),
        (279, 843, 'ZIVnYUmchA', 'lrontsch7q', 1),
        (280, 326, 'VrocZO5ZFJ', 'lpiddick7r', 2),
        (281, 187, 'JjsdIe7vF', 'dingerith7s', 3),
        (282, 447, 'derpgDGT2', 'wmeffan7t', 3),
        (283, 908, 'fOLGCgb7', 'rstammers7u', 1),
        (284, 435, '7FgonH93', 'ccolegrove7v', 2),
        (285, 737, 'fvjJgMK', 'jmccarrick7w', 1),
        (286, 238, '3iIerI23kRw', 'aniezen7x', 3),
        (287, 518, 'lxUsW4CFe4Wl', 'vgiamitti7y', 1),
        (288, 727, 'dEK2EZZ', 'sgutierrez7z', 3),
        (289, 262, 'VKiEnj', 'blesurf80', 2),
        (290, 518, '6OAyXdnL', 'iaymerich81', 2),
        (291, 862, '1So1mQV', 'kelecum82', 2),
        (292, 530, 'AJ1c2aZs', 'ttapping83', 2),
        (293, 637, 'HyNNbbn5c', 'jhighman84', 3),
        (294, 21, 'G3sfJBfzxvDm', 'fcrapper85', 3),
        (295, 59, 'EFdLm1BZ', 'hechalier86', 3),
        (296, 785, '4w1IN3Uy', 'tjumeau87', 1),
        (297, 913, 'wXZCZFwK', 'mcahalan88', 3),
        (298, 701, 'cLyTduTenYZ', 'rkleisle89', 1),
        (299, 656, '3rHu59T5', 'zmcnutt8a', 2),
        (300, 790, 'XapmMKOsj', 'shunnable8b', 1),
        (301, 131, '1rIf6GhXzS', 'chuttley8c', 2),
        (302, 822, '50rofE', 'dserrels8d', 3),
        (303, 592, 'FzUvRTKs', 'pboulton8e', 1),
        (304, 320, 'Qk5z3xj', 'sapperley8f', 1),
        (305, 239, '9WqN6Xv', 'lhannaford8g', 3),
        (306, 441, 'Ox4mT37yMHQ', 'fkubicki8h', 3),
        (307, 194, 'qEvYlxQ7St', 'agurner8i', 2),
        (308, 595, 'SFup6AHRrGZ', 'bvalentinetti8j', 1),
        (309, 446, 'FoL957a728Jk', 'pjardin8k', 1),
        (310, 8, 'flNS7aVtFvQe', 'dfoulcher8l', 3),
        (311, 2, 'qbupMiB', 'mplaskett8m', 2),
        (312, 265, 'vUrqkzHd', 'kbaress8n', 1),
        (313, 279, 'ZtPOQCROx31', 'esherrum8o', 2),
        (314, 468, '3npiIcPtu', 'osneden8p', 3),
        (315, 233, 'sivR4vgAaw3a', 'kbrittlebank8q', 1),
        (316, 71, 'tBzu8qxamO', 'kpitkins8r', 2),
        (317, 304, 'vKtVYw', 'agiovanitti8s', 2),
        (318, 96, '6LhAEStUZ69', 'fgraundisson8t', 3),
        (319, 915, 'WTUB6Xpi', 'chankard8u', 2),
        (320, 343, 'fN88FD2CLyI', 'sschruyer8v', 3),
        (321, 380, '6iArqM8hIs3', 'thardern8w', 2),
        (322, 772, 'sGKQQyErrtmM', 'fbuckenham8x', 1),
        (323, 484, '8fnj2xjx8xIT', 'cfarry8y', 1),
        (324, 696, 'QEDjVRRebh', 'tprimett8z', 2),
        (325, 759, 'bQehBj', 'rbarth90', 1),
        (326, 452, 'zeaRK4', 'vkrojn91', 2),
        (327, 362, 'QUYi76PL', 'wlabb92', 1),
        (328, 544, 'MI8bmisX', 'dpreskett93', 3),
        (329, 730, '8NWZPUXiKf', 'apegg94', 3),
        (330, 393, 'okoVSF', 'eunion95', 2),
        (331, 330, '5flAIhhylmdn', 'stessington96', 1),
        (332, 941, 'zo05pdlo6Zu', 'aelkington97', 1),
        (333, 146, 'PP0IFw', 'allywarch98', 3),
        (334, 452, 'HsqBZi15', 'crambaut99', 3),
        (335, 675, '1u3Xz6iZ2e', 'brosedale9a', 3),
        (336, 240, 'NWLATTx', 'fbendan9b', 2),
        (337, 699, 'VWS0K3VrZ', 'iaubri9c', 2),
        (338, 965, 'akGr63EP', 'lgarrattley9d', 2),
        (339, 340, 'QCb6Wctek', 'lsirkett9e', 2),
        (340, 249, 'dZyhSDnk7pNT', 'acattini9f', 3),
        (341, 82, '8SHRoqGxkydF', 'slinsley9g', 3),
        (342, 756, 'Dw5hgIu', 'eyurtsev9h', 3),
        (343, 135, 'GyYqET4KeOY', 'rwilber9i', 3),
        (344, 793, 'hFEeP4NN', 'mbeausang9j', 2),
        (345, 141, 'V0KsMZN7j', 'clonglands9k', 1),
        (346, 366, 'sIvXcU', 'rregelous9l', 3),
        (347, 563, 'f5uVC2XB2KZ', 'ibony9m', 1),
        (348, 223, '4t6gpP6h', 'wbrader9n', 3),
        (349, 390, 'CwHOMh5Qe', 'cstepto9o', 3),
        (350, 576, 'GN006HY0v93', 'dcashell9p', 3),
        (351, 977, 'lJTE8MXUrENr', 'hlottrington9q', 3),
        (352, 352, 'WZIRacmG', 'smarsy9r', 1),
        (353, 344, '50gVsoj', 'ohassall9s', 1),
        (354, 750, 'yJ52okc', 'rhise9t', 1),
        (355, 992, 'iozerwtp56eD', 'apeat9u', 1),
        (356, 409, 'NQvppGNTvmGm', 'bwestover9v', 3),
        (357, 451, 'NnSOXK', 'rkerby9w', 3),
        (358, 343, 'k1HiKxkv', 'vgrunnell9x', 2),
        (359, 451, 'HGMC5Bv5Y', 'tdevere9y', 2),
        (360, 192, 'WAu0MjloZ', 'eskokoe9z', 3),
        (361, 62, 'o3KQkttMNFm', 'mchattoea0', 2),
        (362, 608, 'biD5ATERJVl', 'amatteka1', 2),
        (363, 891, 'IaN0T1RZ', 'fmckmurriea2', 3),
        (364, 347, 'rpSdYVU', 'clevecquea3', 2),
        (365, 863, '6w5MFGJ', 'jspringetta4', 3),
        (366, 640, 'ONknMUIap', 'clindeberga5', 1),
        (367, 254, 'wpbF3T', 'acutressa6', 3),
        (368, 91, '0uikvYeMK1Y', 'pkonmanna7', 2),
        (369, 380, 'akru2j5XGz', 'acarberta8', 2),
        (370, 198, 'kL5AY9YTUIl', 'bhawtona9', 2),
        (371, 616, 'tu5L5US', 'oburrassaa', 2),
        (372, 778, '1LXno1y', 'sardenab', 1),
        (373, 281, 'Zg3IHMWXVXMv', 'fdunniomac', 1),
        (374, 288, 'i2jSwufO', 'iandrusyakad', 2),
        (375, 692, 'utTSP8M6Ntm', 'headeae', 2),
        (376, 571, 'GZ6ltD', 'ikenworthyaf', 3),
        (377, 478, 'z4LuvwzQD', 'cmcbeathag', 2),
        (378, 485, '5MyWwl3XwSV', 'zmoonah', 1),
        (379, 166, 'TQsqBY', 'vsansonai', 1),
        (380, 591, '5Sm2A945cV', 'wstuchberryaj', 3),
        (381, 737, '4wOeXQcN', 'fbentzak', 1),
        (382, 765, 'YCQZstCkB', 'dyoodallal', 2),
        (383, 10, 'RdlqwN11G', 'rdryburgham', 3),
        (384, 901, '5Atzew', 'jbecerraan', 3),
        (385, 307, 's23uiaTP2', 'dinettao', 1),
        (386, 975, 'mBAMUOSYWN', 'sbrislenap', 1),
        (387, 849, 'CR2itxMLep', 'scantuaaq', 3),
        (388, 290, 'FT4Yx68XZQMf', 'kdoumerquear', 3),
        (389, 472, 'beA8K7j8g91L', 'arandalsas', 2),
        (390, 267, '36zKNa', 'ssommerscalesat', 1),
        (391, 450, 'ICsmGslFjVZj', 'rshanksau', 1),
        (392, 774, 'VwB8XCmsRu', 'jcossemav', 2),
        (393, 801, 'qPbsxSw', 'dorwinaw', 1),
        (394, 933, 'i4o77hYek', 'ccussinsax', 2),
        (395, 782, 'KRUvculx2', 'rcurrallay', 3),
        (396, 553, 'CVBgc0pJGX', 'eroslenaz', 3),
        (397, 140, 'C7OXszg', 'caylinb0', 3),
        (398, 773, 'UExNppAmi', 'dmarryattb1', 1),
        (399, 57, 'tPSjIUw', 'btottonb2', 3),
        (400, 728, 'nb0ku6rij', 'wdunlapb3', 2),
        (401, 196, 'sbumvU', 'mchomleyb4', 2),
        (402, 862, '0h7KjV', 'apergensb5', 1),
        (403, 684, 'h5rfV1', 'osouthgateb6', 3),
        (404, 39, 'HhXhNmj', 'aoffilerb7', 1),
        (405, 20, '2LFuCoicgGfF', 'ndillestonb8', 2),
        (406, 827, 'TySWmk', 'jlassetterb9', 1),
        (407, 140, 'A0fRx7MG', 'kdarcoba', 3),
        (408, 589, 'q4WVR2HVU8', 'sholcroftbb', 2),
        (409, 328, 'lSFePa3gZS', 'ifleethambc', 2),
        (410, 762, 'QK5LlQojDB', 'jpostenbd', 3),
        (411, 47, 'FDs7Bl', 'kgansbuhlerbe', 1),
        (412, 595, 'lNdxCQeyqa', 'vgeraudybf', 3),
        (413, 881, 'RMCnEU', 'zdownbg', 3),
        (414, 671, '1NH8CO', 'growattbh', 2),
        (415, 797, '68d9OYxNbndf', 'dbeadnallbi', 2),
        (416, 932, 'tijRhuA', 'gkeunebj', 1),
        (417, 72, 'Cdh5ztQDiP', 'hgrinovbk', 2),
        (418, 49, '3qEiGb28', 'jmyhillbl', 1),
        (419, 143, 'pXhqdMI', 'acreffieldbm', 3),
        (420, 623, 'CZ02Kbnh6go', 'dvoelkerbn', 1),
        (421, 897, '9SOwYTrnTus3', 'fheisterbo', 2),
        (422, 896, 'gcrGynxBWU0', 'rairdbp', 1),
        (423, 174, 'WcUTKP7zPU', 'hduckhambq', 3),
        (424, 788, 'z8H9Yn7LZyc', 'tmaccleaybr', 3),
        (425, 601, 'RI0WxFvJ7', 'amaggibs', 2),
        (426, 185, 'xbpE4Dqku', 'sdemebt', 3),
        (427, 985, 'C1nvno5', 'kgitthousebu', 1),
        (428, 551, 'l1JfAMy', 'pchristianbv', 2),
        (429, 815, 'Tg9B82SeXS', 'rgulleybw', 3),
        (430, 489, '5JCyJO88GO', 'fcluerbx', 1),
        (431, 857, '3dPSLrbbwMc', 'tbartolicby', 2),
        (432, 680, 'f4IORN', 'tsutherelbz', 2),
        (433, 626, '1ruc3rCAq8', 'kaleixoc0', 3),
        (434, 832, '9ydd6t88lc', 'jdewickec1', 2),
        (435, 826, 'hoxdrIKAp', 'bsimcoxc2', 1),
        (436, 767, 'dOU9YB6C', 'barblasterc3', 2),
        (437, 212, '1vAMvz71P', 'eedmonsonc4', 3),
        (438, 787, 'IHN5Afb7kN', 'ahuckerc5', 3),
        (439, 411, 'KHjmhN', 'amclorinanc6', 2),
        (440, 977, 'bd2IgMLw', 'dbroadbentc7', 2),
        (441, 135, 'InFS4LIvZLr8', 'mcoldbathec8', 2),
        (442, 385, 'Mw3ipUr4p', 'nbluec9', 2),
        (443, 382, 'M2qs53O7', 'vfluteca', 3),
        (444, 41, '6aTS5uBoR2K', 'jpulfordcb', 3),
        (445, 261, 'LD6lc9fOj', 'ecaldarocc', 1),
        (446, 506, 'Ti0XJMNlbj', 'jsparwellcd', 3),
        (447, 751, 'zBXAbfGG', 'bmasserce', 2),
        (448, 921, 'MftdopUmQ', 'bderuelcf', 1),
        (449, 72, 'mKgXm84tfXo', 'sgravenellcg', 2),
        (450, 352, 'vdWcgf8rK', 'kmcgrorych', 1),
        (451, 454, 'uNcmh6If', 'gcansdellci', 3),
        (452, 872, 'JxeMjG', 'dgoneaucj', 3),
        (453, 664, '9XyvnX', 'dsmedmoreck', 1),
        (454, 169, '82pkTc', 'fmillinscl', 2),
        (455, 931, 'IT0RCVFCdw1G', 'cgiacobillocm', 2),
        (456, 522, '5fpooccI', 'carnettcn', 2),
        (457, 740, 'fta61pauarE', 'cartheyco', 2),
        (458, 901, 'qjjkRePwV', 'tmcphillipscp', 2),
        (459, 565, '48QcOtWZe', 'nmcconnachiecq', 3),
        (460, 765, 'hnifAM4df2qv', 'cofearguisecr', 1),
        (461, 813, 'IDKgHu', 'hwhitbycs', 1),
        (462, 629, 'tdJg7O', 'ebirtwistlect', 1),
        (463, 854, 'm49YsFS1V2', 'herettcu', 1),
        (464, 905, 'ianTF71XeKg', 'btremelliercv', 2),
        (465, 72, 'COmfA6oW', 'mpentelocw', 1),
        (466, 616, 'pDtm85OI15', 'wrishbrookcx', 2),
        (467, 94, 'La1qz7VN7', 'lpinsentcy', 1),
        (468, 740, 'RDjZJyRfoJK5', 'hmcvitiecz', 3),
        (469, 110, 'JNEs7efnz', 'smcsharryd0', 3),
        (470, 578, 'GZpLZq3', 'rmahaddyd1', 3),
        (471, 372, 'n4fMK6QIT8j', 'cgodberd2', 3),
        (472, 173, 'hS5eez', 'jpantryd3', 3),
        (473, 74, 'eooxItxJP', 'asibbornd4', 1),
        (474, 506, 'YVuBkBY', 'srojd5', 1),
        (475, 694, 'cT1sRal1qAw', 'awakefieldd6', 1),
        (476, 797, 'agKlET', 'tsussansd7', 3),
        (477, 409, 'dpYF6t9im', 'hwrighthamd8', 2),
        (478, 500, 'UtZaWmZlx0', 'nbedrosiand9', 3),
        (479, 415, 'ADLg8jCX', 'efassbindlerda', 2),
        (480, 432, 'OtNV1v9sL', 'jdecayettedb', 3),
        (481, 221, 'M9NhzSq', 'froakesdc', 3),
        (482, 803, '1AJhpkBS', 'vkaleydd', 1),
        (483, 300, '9ftJy7VExe', 'khannyde', 1),
        (484, 974, 'TgbOeINxuhaq', 'dcarriagedf', 3),
        (485, 121, '2YZYAJ3tFrY', 'toriordandg', 1),
        (486, 127, '4gLfh7ubA', 'sbisterdh', 1),
        (487, 42, 'iTFskDk', 'csnaddendi', 1),
        (488, 20, 'NBuqwm9', 'cblackmuirdj', 3),
        (489, 210, 'zWrOHLtw', 'kweldendk', 2),
        (490, 853, 'lLDVkORYYS', 'edionisiodl', 3),
        (491, 274, 'vUqH6UKVN', 'taviesondm', 3),
        (492, 498, 'jovL3jSaSw', 'tmactimpanydn', 1),
        (493, 247, 'iPSROXU', 'pyoutheddo', 1),
        (494, 428, 'H31cAmxdZ1LY', 'mcafferkydp', 2),
        (495, 724, 'yaZC0aH', 'fkasparskidq', 1),
        (496, 582, 'XIpnCpQ', 'crangeleydr', 2),
        (497, 392, 'rl6lj2HwFt8w', 'egowds', 3),
        (498, 972, 'tegIX97V', 'bgooderhamdt', 3),
        (499, 682, 'Pka2BzDY', 'spudneydu', 3),
        (500, 261, 'QXeaf6lF', 'jleftlydv', 3),
        (501, 7, 'FF0Aaj6iK51', 'jtollowdw', 1),
        (502, 756, '2K8TZQYPy', 'agamedx', 1),
        (503, 79, '7Yon1FJasaFN', 'dberettady', 2),
        (504, 398, 'Fknsh9d', 'kaustingdz', 1),
        (505, 591, 'EaaYQA', 'ebenettinie0', 3),
        (506, 426, 'JAlSA6r3', 'ksailee1', 3),
        (507, 88, 'tg7ygBFOq', 'szettoie2', 3),
        (508, 569, '7QtlgAHg', 'egarroode3', 3),
        (509, 274, 'YZEkRfQafAe', 'sdivese4', 3),
        (510, 262, 'SJFPUPw0bXo', 'aharrolde5', 1),
        (511, 14, 'RIYJXbR9Tbwx', 'msoutherane6', 1),
        (512, 775, 'elks2mjHY', 'arashe7', 1),
        (513, 400, 'fE2YCBUb', 'gskermee8', 1),
        (514, 44, 'JWpKbNL', 'lpitkeathleye9', 2),
        (515, 802, 'vQJdgR2e1er', 'adovingtonea', 2),
        (516, 819, 'fTLJEalx8JgY', 'gbangleeb', 3),
        (517, 844, 'PYuMpvKT', 'pbrahmec', 3),
        (518, 380, 'gDxBDW', 'ccartmelled', 1),
        (519, 482, 'b5QnmBF6uM', 'ehauggee', 2),
        (520, 75, 'edg07ew', 'bkeelingef', 3),
        (521, 957, 'xIqSytNOJFiL', 'smulhalleg', 1),
        (522, 711, '6lOQtnn', 'gfortouneh', 1),
        (523, 218, 'TzGIGtzW5', 'jbaggeei', 2),
        (524, 263, 'cy4uDT', 'tlayzellej', 3),
        (525, 215, 'hj12lcSu3F7t', 'cgolsonek', 3),
        (526, 26, 'fTZ6xF', 'arainsel', 3),
        (527, 183, 'vpKjv2', 'cthursbyem', 2),
        (528, 120, 'HpUaCtzc', 'bbrislenen', 3),
        (529, 164, 'EE2QBaMo8', 'walcideeo', 3),
        (530, 592, 'pH4QaE', 'wlowisep', 3),
        (531, 553, 'E5hdKqr', 'dsergeaneq', 2),
        (532, 663, 'sPhVAwfRt', 'telkiner', 3),
        (533, 774, 'pkABGeXLqZuh', 'hpohlses', 1),
        (534, 581, 'kTrOeOKuo5TR', 'ecolbranet', 1),
        (535, 686, 'irGVBP', 'ghalwilleu', 3),
        (536, 724, 'xle5w7G100', 'tpetytev', 2),
        (537, 510, 'u7EjAy', 'naizikovichew', 2),
        (538, 66, '5MYdvEI5fs', 'aletchmoreex', 3),
        (539, 264, 'wdfJuvin', 'cdallinderey', 1),
        (540, 612, 'A6kHHc3cyD8O', 'cferencez', 3),
        (541, 803, 'D2gldnD', 'gplottf0', 2),
        (542, 428, 'tt85iWAo', 'tloosf1', 3),
        (543, 735, 'GNd2jnI176k', 'dcouperf2', 2),
        (544, 933, 'P69uGLld86u', 'rrougierf3', 3),
        (545, 243, 'C5xd3V', 'jmacwilliamf4', 3),
        (546, 692, 'Kd8jnPhIMW', 'rdanfordf5', 2),
        (547, 184, 'mE9teiJ8Dp8s', 'ntruggianf6', 2),
        (548, 50, 'lABiPEx', 'mcanhamf7', 3),
        (549, 784, 'SGf700D', 'cbirdsf8', 3),
        (550, 223, 'QXATqS', 'adibdinf9', 1),
        (551, 385, 'EXNQfM6', 'mloadwickfa', 1),
        (552, 479, 'VMEtEckKKR', 'lwoolastonfb', 1),
        (553, 293, '1TJx57Rf', 'acasbournefc', 1),
        (554, 552, 'klWP0xod7iD8', 'gmuffinfd', 3),
        (555, 897, 'k9q9Jip3s', 'myitshakfe', 1),
        (556, 517, 'yZf8vDWYTx', 'tegglestonff', 1),
        (557, 418, 'eS4x9um', 'aizattfg', 3),
        (558, 479, '9fUtSTI', 'fcarinefh', 2),
        (559, 847, 'ivWAgj', 'apiersefi', 3),
        (560, 883, 'csmkzWDYfd', 'hchecklinfj', 1),
        (561, 759, 'ioEGPD', 'ngurnerfk', 1),
        (562, 578, '416sCwpTOi', 'swhiteoakfl', 2),
        (563, 882, 'iPJVKDnCVq', 'cbuttfieldfm', 3),
        (564, 394, 'tByV39fu', 'ayakobowitchfn', 1),
        (565, 957, 'VcmZ71mBoKui', 'mpettisallfo', 2),
        (566, 859, '6JTUGmo', 'jcockaymefp', 2),
        (567, 736, 'X1wHahJ', 'ckempshallfq', 1),
        (568, 248, '3IW9IDz', 'mbazleyfr', 1),
        (569, 57, '721GzV0r', 'gpavlishchevfs', 1),
        (570, 928, 'otU8PZlBT3p', 'ghelversenft', 1),
        (571, 683, 'XHrGfTm1EU30', 'cquimbyfu', 2),
        (572, 876, 'gWjWGOvSEint', 'bjohnsonfv', 1),
        (573, 525, 'uyPyut5GZxd', 'vbrislawnfw', 1),
        (574, 981, 'bt9ScMWpqP', 'zeisakfx', 1),
        (575, 74, 'mHppAgb', 'cbussenfy', 3),
        (576, 2, 'xO8YS8nL', 'rcordetfz', 3),
        (577, 710, '24FrqXu', 'glynesg0', 2),
        (578, 702, 'mijdLqhv8wa6', 'hamossg1', 1),
        (579, 227, 'oDm15Me', 'awernerg2', 1),
        (580, 900, 'cYyDI7GOnF', 'jcassamg3', 1),
        (581, 512, 'Q9i1dkGBbbnl', 'sworshamg4', 3),
        (582, 714, 'HC1DrLi', 'rputterillg5', 3),
        (583, 276, 'wSJTFWCNAEVM', 'faustickg6', 2),
        (584, 935, 'nmt4RB83PZPC', 'ndyshartg7', 2),
        (585, 615, 'UYhXgiw', 'msmaileg8', 3),
        (586, 111, 'cJplEZaC', 'jlealeg9', 2),
        (587, 447, 'NaZ9YVQAHf', 'bbartensga', 3),
        (588, 418, 'riSasenRGqU', 'ctedahlgb', 1),
        (589, 664, 'dQBSpS5', 'sholtomgc', 1),
        (590, 713, 'nxT3BRP', 'ehurdgd', 2),
        (591, 107, 'lIZmYpd', 'bberardge', 1),
        (592, 995, '8MUyIkOr', 'hmichuringf', 1),
        (593, 993, '2RfpvRz', 'hlohdegg', 3),
        (594, 381, 'wWjf6XaN3YqH', 'imacdavittgh', 2),
        (595, 147, 'h1NXs7KL0Rcd', 'rharlowegi', 1),
        (596, 393, 'ia7vACP3dqEc', 'kbatropgj', 3),
        (597, 58, 'quKMkmlBqE', 'cleonardsgk', 1),
        (598, 512, 'sHCytRueB', 'canderssongl', 1),
        (599, 45, 'ZPCWS6', 'greachgm', 3),
        (600, 216, 'lwhSAqDd', 'nvannahgn', 2),
        (601, 698, 'Af2uAKglLo7X', 'psewartgo', 2),
        (602, 937, 'TueQKQcWsivH', 'jvlasovgp', 2),
        (603, 327, 'mN6Yvl2h9Y4', 'klawrygq', 2),
        (604, 570, 'Zalv3jluQrV0', 'tosullivangr', 1),
        (605, 325, '7oG2vgN', 'cblofieldgs', 2),
        (606, 408, 'Ah4yheZnkV', 'gcasseygt', 2),
        (607, 243, 'uDqMEdf49nS', 'vspinettigu', 2),
        (608, 368, 'k5NqjZr3Ap', 'rblinckhornegv', 1),
        (609, 766, '4xSyqtHfo', 'freavellgw', 2),
        (610, 472, '1m10Lg', 'rbabegx', 3),
        (611, 459, 'AAbgmt', 'whudspethgy', 1),
        (612, 971, 'VRlcPk', 'gjeanongz', 2),
        (613, 497, 'f1ZggH0Xe3K0', 'mgallandersh0', 1),
        (614, 968, 'YBDTDgX', 'obarrimh1', 1),
        (615, 463, 'HsKDK3W', 'vmaypoleh2', 2),
        (616, 450, 'Gtf6qRoC', 'jwellingtonh3', 3),
        (617, 935, 'hZy4Nx1Wisc', 'sbiddulphh4', 1),
        (618, 130, 'ggtF4e', 'ckingstneh5', 3),
        (619, 609, 'qnYvjbjg', 'skryszkah6', 3),
        (620, 169, 'L5ZKnBC', 'rbilstonh7', 1),
        (621, 320, 'mAMtSr', 'mfarreilh8', 3),
        (622, 449, 'ryGgSH', 'ckuschkeh9', 3),
        (623, 670, 'O6Jpljvz1E', 'cbroselha', 3),
        (624, 447, 'g0ifknbGtNH', 'gcurtinhb', 3),
        (625, 419, 'Mm453Aw0R3x', 'fgiorgionehc', 1),
        (626, 723, 'pGFIcQtt', 'clevishd', 2),
        (627, 686, 'uBRevtLXe6S5', 'dbetjemanhe', 1),
        (628, 156, 'VwnopyMcAh', 'jpashlerhf', 2),
        (629, 716, 'qUbjRTYTKb', 'cpulverhg', 1),
        (630, 216, '481nUZ3ZZ', 'vskaifehh', 1),
        (631, 536, 'Zbev4tE', 'slacyhi', 2),
        (632, 533, 'e8MlB4', 'pattreyhj', 3),
        (633, 506, 'uaw6LOk7', 'ggooseyhk', 3),
        (634, 428, 'oIR9WXIb', 'lgrunbaumhl', 3),
        (635, 384, 'Gtk4ikCOzCJ', 'ikashm', 2),
        (636, 280, 'CFJv4VrmzJZ', 'nskeelshn', 2),
        (637, 744, 'dHkVvpWQx52', 'cespinoho', 3),
        (638, 704, 'uf715Yx6b', 'htillothp', 2),
        (639, 76, 'Ntz2hPa', 'bgallonehq', 3),
        (640, 831, 'RyjzA7gy', 'jshillittohr', 2),
        (641, 605, 'HLPiuBcw', 'jgoldinehs', 2),
        (642, 409, 'mACM97mZ5mZV', 'wdacostaht', 2),
        (643, 864, '5mE12Z2GZ', 'lgossipinhu', 3),
        (644, 919, 'NeRaSfDd2', 'awissbyhv', 3),
        (645, 57, 'gUoThghbi', 'rsealshw', 2),
        (646, 384, 'LkDiGa0dHXl', 'aalbrightonhx', 2),
        (647, 618, '6befjV', 'mjoyseyhy', 3),
        (648, 67, 'xyWdc4hMvN', 'amaclaughlinhz', 3),
        (649, 756, 'azKVa6', 'rbenhami0', 3),
        (650, 393, '1PtkAFXm', 'kgascoinei1', 1),
        (651, 596, '3B5rHpf', 'cbenzii2', 2),
        (652, 178, '62o5iDbW', 'fmacgloryi3', 1),
        (653, 767, 'WHll7hS', 'asculpheri4', 2),
        (654, 219, 'AbelSwgntpD', 'fhatfieldi5', 2),
        (655, 600, 'U93yI7xjzL', 'kkermeeni6', 1),
        (656, 774, 'CwvP1LF8qmyG', 'pfarnelli7', 3),
        (657, 479, 'RL5AMnnnqV46', 'jkirkupi8', 3),
        (658, 233, '4PGjA4Ut3iuM', 'wshallikeri9', 1),
        (659, 826, '2q5lMWj', 'lshorieia', 2),
        (660, 544, 'ilhmh69L', 'nwattinhamib', 3),
        (661, 5, '4tpND3fwIZdI', 'bmeanyic', 3),
        (662, 918, 'wlSD0fjpDyF4', 'bbloorid', 1),
        (663, 55, '5SlooGTt', 'lchessellie', 1),
        (664, 426, 'ZqUMmqH2h', 'hvolantif', 2),
        (665, 108, 'xNLAlJN', 'eaingelig', 2),
        (666, 725, 'WzlRYkFWi', 'dchinnockih', 1),
        (667, 48, '3WlpGH', 'tholdrenii', 2),
        (668, 192, 'jz7m6T', 'thardwinij', 3),
        (669, 973, 'Hi30Bjio', 'kscandrettik', 2),
        (670, 492, 'JboUbeOxzEfl', 'lfauguelil', 2),
        (671, 743, '9ovmbH9gP0', 'bsabbinim', 2),
        (672, 92, 'gZev8QxF4O', 'ewaterfallin', 3),
        (673, 226, 'B5CbCugRrRA', 'dbarracksio', 3),
        (674, 154, 'pojmnHGEh8n', 'lworvillip', 1),
        (675, 591, 'FtHXMOdNW4zt', 'emellyiq', 3),
        (676, 111, 'HaKRgqFH', 'hgoodleyir', 2),
        (677, 531, 'bRe2IWPyMQU', 'jmorkhamis', 1),
        (678, 717, 'x1DncRT', 'sgilbanksit', 3),
        (679, 856, 'zHrY5rWOxh44', 'eharbidgeiu', 3),
        (680, 244, 'SCsEf2Mq', 'bkeyseliv', 3),
        (681, 870, 'ZmNCCIy', 'cgrunwalliw', 1),
        (682, 84, 'zngfzkR', 'yprestigeix', 3),
        (683, 506, 'iMM4aJ9p', 'cswancockiy', 1),
        (684, 578, 'N1ewajLX3', 'dwigelsworthiz', 3),
        (685, 132, 'NhlLPa023kN', 'jwitterickj0', 1),
        (686, 432, 'kweoUN2tFZm', 'cghelerdinij1', 1),
        (687, 560, 'TnIlGkfVjlNn', 'vsextonj2', 1),
        (688, 931, 'xZ8xiHb378P', 'rdelacourj3', 2),
        (689, 941, '70ebOqQqbmf', 'itroodj4', 1),
        (690, 274, 'Vj6L8wtu1Wl', 'bgailorj5', 1),
        (691, 933, 'V0LPkm6k', 'jmarkingj6', 3),
        (692, 997, 'e1oE59z', 'geisikowitzj7', 3),
        (693, 51, 'pPRt9h', 'phillsj8', 3),
        (694, 941, 'KZU8FSiU', 'bvanhallej9', 3),
        (695, 834, 'PFyA7mpJ7', 'dseeviourja', 1),
        (696, 936, 'QDnuJDI1', 'ibartheletjb', 1),
        (697, 296, 'cEEnHhhYEjz', 'ctrevainsjc', 2),
        (698, 720, 'XbLLTYQC', 'rnaccijd', 2),
        (699, 146, 'hfKmcAy6pa6', 'gclausenthueje', 3),
        (700, 47, 'uvllEuDp4', 'lbrydsonjf', 2),
        (701, 349, '3TOQQeIwVgB', 'mwigelsworthjg', 3),
        (702, 783, '7ZMf1idLrHw', 'cnewcombjh', 3),
        (703, 196, 'kFF4sDMfTy', 'hwizji', 3),
        (704, 704, 'qVg0jr', 'fleiskjj', 3),
        (705, 766, 'P0t8DzY', 'hberkjk', 3),
        (706, 651, 'fOnRnb8', 'cgreenshieldsjl', 1),
        (707, 293, '81aA6G8r', 'estachinijm', 2),
        (708, 284, 'dPX5KDzoSn7', 'lallsupjn', 1),
        (709, 37, 'O5H5iAsAfem', 'gmandryjo', 2),
        (710, 449, 'k9KjUV', 'fbuttgowjp', 3),
        (711, 775, 'Z8NYUcb', 'jborrottjq', 2),
        (712, 972, 'ceUpgoHFTj', 'cgaynejr', 2),
        (713, 217, 'I0gxKIPyFsw', 'nbowringjs', 1),
        (714, 770, 'pg4C4Zixa', 'jbarkhousejt', 2),
        (715, 873, 'S4pE9C', 'mbofieldju', 1),
        (716, 881, 'COZyUg', 'jmerfinjv', 1),
        (717, 789, '9ruljr', 'itrumperjw', 3),
        (718, 842, 'sYgplV', 'dstockleyjx', 3),
        (719, 670, 'PY9Olra1', 'ifownesjy', 1),
        (720, 203, 'T2DkTn4zY', 'cjurewiczjz', 2),
        (721, 711, '3cHovgsD52', 'gmozzik0', 3),
        (722, 768, '9tISDoFEq0', 'dwaplesk1', 3),
        (723, 638, 'TubzgXq', 'spitonek2', 1),
        (724, 74, '4aYLgAq', 'cdownagek3', 3),
        (725, 509, 's0B7h1kaZkIx', 'lgierkek4', 2),
        (726, 907, '6vxeHZtcNf3', 'mtolumellok5', 2),
        (727, 716, 'ZRPk1M', 'cyardk6', 2),
        (728, 771, 'yeXVuijl', 'vjosephyk7', 2),
        (729, 251, 'RKDTXEJ', 'jmateikok8', 3),
        (730, 869, 'MjQTtUDItKR', 'avaenk9', 1),
        (731, 428, 'Vtvj0I', 'hmarousekka', 1),
        (732, 580, 'k3twEHeujchN', 'mkeddykb', 1),
        (733, 54, 'qy6k2RXnI', 'ebentjekc', 2),
        (734, 208, 'ytpFHWtiyZ', 'etaceykd', 2),
        (735, 812, 'xxd7zPtu', 'dwaithke', 3),
        (736, 243, 'Tr68zaSdgA5b', 'dfearekf', 2),
        (737, 623, 'WF5bzruGKi', 'lrafterkg', 2),
        (738, 728, '3P958a', 'eosheakh', 3),
        (739, 325, 'pLRzbdxM', 'emaxstedki', 2),
        (740, 399, 'RCvDXS', 'moadeskj', 2),
        (741, 601, 'ZtyhR0W8Xt1V', 'biannuzzikk', 1),
        (742, 15, 'rwlx6XSQqF', 'vbeatykl', 3),
        (743, 468, 'uWfhSEmSEHX', 'plaffranconikm', 3),
        (744, 990, 'A1obs23rx', 'saizikovitzkn', 2),
        (745, 292, '6D2DgUt5Q', 'fandrysekko', 1),
        (746, 953, 'OBx4434', 'gnewcomenkp', 1),
        (747, 563, 'BrMvbtIz5PoP', 'ftoulchkq', 3),
        (748, 960, 'dH7sn8Dz', 'achsteneykr', 1),
        (749, 304, 'fh6hNOBm', 'gcradyks', 2),
        (750, 696, 'qHIL96G', 'tcamossokt', 2),
        (751, 360, 'OtHmQ0o', 'tfloreyku', 3),
        (752, 530, '3mwe99H0', 'dsjollemakv', 2),
        (753, 179, 'qLjERbj4', 'rseggeskw', 1),
        (754, 973, 'cSSrJBaPm4M', 'bdurhamkx', 2),
        (755, 530, 'mNok8DePTbNK', 'aegleofgermanyky', 1),
        (756, 149, 'lOCWObMI7b', 'eebunoluwakz', 2),
        (757, 33, 'gmLVoP4VxxuU', 'tgraveneyl0', 1),
        (758, 518, 'HnMXWz8hD', 'cfilerl1', 1),
        (759, 472, 'BEOHABjAs', 'mkirleyl2', 1),
        (760, 349, 'XXdlzMiSbR3m', 'shartfleetl3', 2),
        (761, 264, '6hG1t3Hxp', 'mdobbyl4', 3),
        (762, 649, 'yp7b9rIV', 'dhamlyl5', 1),
        (763, 406, 'H04zVspnjCUz', 'dbrazearl6', 1),
        (764, 983, '9jumbt4i', 'maubrayl7', 2),
        (765, 547, 'onD9kcSa', 'eshellshearl8', 1),
        (766, 761, 'HiiqXNxqx', 'abiddlecombel9', 1),
        (767, 427, 'sM2DZ48bRE', 'ccomazzola', 1),
        (768, 346, 'U2afyQTyjT2A', 'cmccaughanlb', 1),
        (769, 437, 'n1beoT5UAW', 'mmatusevichlc', 2),
        (770, 918, 'biUO9k6pW5N', 'ydellenbrookld', 2),
        (771, 678, 'eQxA6uyuJTTY', 'mgosdinle', 3),
        (772, 568, 'YJeCxRd', 'clendonlf', 2),
        (773, 657, 'kuA1wsMFKF', 'dplumridegelg', 1),
        (774, 531, 'oKdaZTAzCN', 'mcotterelllh', 2),
        (775, 570, 'tS7uBtfx', 'skendleli', 3),
        (776, 895, 'RLrbn8xG9', 'odinesenlj', 2),
        (777, 818, '8R9rZx0A', 'agehringlk', 3),
        (778, 686, 'nZQFwhxNew1', 'dcharlell', 3),
        (779, 752, 'wM1Vd2', 'tsidsafflm', 2),
        (780, 706, 'XLLmR0BuZ8', 'wkemingln', 3),
        (781, 120, 'tNtG3ua', 'mclyburnlo', 1),
        (782, 988, 'hjlKLCTmC85', 'mlenoirelp', 2),
        (783, 561, 'Iwra9SxfjqK1', 'cnorvilllq', 3),
        (784, 349, 'ba3LpkMvpQ', 'dfeltonlr', 1),
        (785, 41, 'QROS9vimZI5J', 'kupstonels', 3),
        (786, 157, 'IIH6bX', 'mhounshamlt', 1),
        (787, 273, 'erqWFhzWmy', 'stewlu', 1),
        (788, 738, 'LSSF60ghhfhX', 'awellwoodlv', 3),
        (789, 487, '5YsbvIfhlVZL', 'pellsonlw', 2),
        (790, 528, 'TqBHoordH', 'xcapsticklx', 2),
        (791, 218, 'qGcZ74KD', 'ajagielloly', 3),
        (792, 997, '54smYAPW8So', 'hmerseylz', 1),
        (793, 924, 'vLMQApDw9', 'mhellikesm0', 3),
        (794, 439, '8YphKip', 'arablenm1', 3),
        (795, 358, 'ePRcl4iMe', 'njoriotm2', 2),
        (796, 960, 'RqJ1vMJH7gDn', 'mcottrellm3', 1),
        (797, 534, 'W3yGBkwYVX', 'acombem4', 2),
        (798, 581, 'vaa0LZt', 'vtrimem5', 2),
        (799, 685, 'lZIN4olnPnp', 'tsinkingsm6', 1),
        (800, 47, 'jHnlku6PU', 'eexleym7', 1),
        (801, 832, 'rD0SHQRN', 'turionm8', 1),
        (802, 941, 'uxoZM8s', 'nleveem9', 1),
        (803, 771, '8a78lKmxMpsl', 'cbygottma', 2),
        (804, 483, 'BukriWJ9', 'ptumultymb', 3),
        (805, 389, 'Zg0JQO6p6U5', 'gsinclarmc', 1),
        (806, 75, 'PwZPVhQqahlV', 'sstiffmd', 2),
        (807, 932, 'Kns4qlWk8t', 'mmatteome', 3),
        (808, 5, 'oXVgZGqbpuAs', 'rbuyersmf', 2),
        (809, 297, 'vB7krxfaIV0k', 'bdevillemg', 1),
        (810, 121, 'fS1xQaVHiOBr', 'rbeardowmh', 3),
        (811, 199, 'A5M6qerK', 'ddarraghmi', 3),
        (812, 669, '1CtvRp', 'dstookmj', 3),
        (813, 932, 'bLCnRI', 'llocarnomk', 2),
        (814, 15, 'rGbEXFf5JWE', 'dmengueml', 3),
        (815, 449, 'oUF6AXxyV', 'amellonbymm', 3),
        (816, 62, '47fgAy', 'cpaddymn', 3),
        (817, 949, 'iR2i4GU', 'ckemshellmo', 1),
        (818, 395, 'Xb6WHW7Cmlsi', 'cmauldenmp', 2),
        (819, 729, '7flt1zD', 'mmacpikemq', 3),
        (820, 633, 'KMbr57tv', 'crutledgemr', 1),
        (821, 165, 'FcPmhuFlZ', 'cdibernardoms', 3),
        (822, 806, 'scklK8BKlzt', 'jmacgillaverymt', 1),
        (823, 339, 'u30QHwvTR7', 'mcapnermu', 1),
        (824, 282, 'vp6qpGOUDs', 'ebeynonmv', 2),
        (825, 539, 'H11dS206', 'cwelbelovemw', 3),
        (826, 695, 'xgjy3KpWgeJ', 'dmcgarriemx', 3),
        (827, 384, 'e2yJMv', 'dcarvermy', 1),
        (828, 834, 'oclEfnG', 'kcostymz', 1),
        (829, 54, 'lScQVR', 'pdummettn0', 1),
        (830, 560, 'rm7xSGKrbwO', 'sshelfordn1', 3),
        (831, 804, 'CKF3OQE5kID', 'jnellern2', 3),
        (832, 587, 'g4NF9OREm8', 'kkippaxn3', 3),
        (833, 964, 'ng7xfkrl0', 'aavramovskyn4', 1),
        (834, 262, 'wef5uar', 'dbassingdenn5', 2),
        (835, 565, 'GrRQB76q8Bw', 'ttriswelln6', 2),
        (836, 664, 'CxcN36SI', 'gmullochn7', 2),
        (837, 507, 'L2TTOrf', 'dpittockn8', 2),
        (838, 529, 'vDcApfhJ', 'fekkeln9', 2),
        (839, 623, '5p9g3p2G9sp', 'efehnerna', 3),
        (840, 604, 'j9FD1meBfcDB', 'ijelliconb', 1),
        (841, 449, 'iGLXpTuBL', 'daymerichnc', 1),
        (842, 924, 'hWphbFUaRUP', 'srawlsnd', 2),
        (843, 414, '7RnB01cKYMJ', 'gscarsbrookne', 2),
        (844, 553, 'qQlUle61H', 'rjillisnf', 3),
        (845, 831, 'u78gDYfMZvSf', 'rrobjohnsng', 2),
        (846, 504, 'foJeuNz4', 'ahallowaynh', 2),
        (847, 642, 'iQX1zaQ0', 'msacazeni', 1),
        (848, 264, 'F9oFux1Z', 'jdrewerynj', 1),
        (849, 509, '9Blnsa0', 'lduffynk', 2),
        (850, 823, 'i7h7ZZPG', 'tarchleynl', 2),
        (851, 775, 'Oifo0fAIbjg', 'gdelafontnm', 2),
        (852, 319, 'y15q4vNArTtH', 'dburnenn', 3),
        (853, 676, 'or7d7pn', 'mdunnetno', 3),
        (854, 37, '0vKlIOD', 'dmierenp', 1),
        (855, 536, 'ApmSVJq', 'opearcynq', 3),
        (856, 91, 'gJGXenltGqt', 'rpymmnr', 3),
        (857, 470, 'UF3yEy', 'gdinanns', 1),
        (858, 567, 'dzIfzl', 'tjellicont', 3),
        (859, 188, 'b39rDk', 'isimoninu', 1),
        (860, 209, 'G179HJhr', 'fwarcupnv', 3),
        (861, 433, 'LKr2SZ7l3Sg', 'vtschurschnw', 1),
        (862, 867, 'sRExAw', 'randerbruggenx', 3),
        (863, 759, 'dJKGIp', 'hcousenny', 3),
        (864, 969, 'jyDzSn2iQ', 'evenournz', 1),
        (865, 570, '7UWj9kq', 'clangdono0', 3),
        (866, 315, 'lq13bIsC', 'mdoswello1', 3),
        (867, 505, 'yFWy36xc', 'lwishero2', 1),
        (868, 786, '0CGXvzGmWQ', 'bjenckeso3', 1),
        (869, 803, '5NfmnfsAn', 'ejewkso4', 1),
        (870, 815, 'V7suRg7W', 'kvoglo5', 2),
        (871, 935, 'AiFq7Uy45', 'jnickollso6', 3),
        (872, 47, '6Xfu2Vut3hy', 'cliffeo7', 3),
        (873, 114, 'N9xWae', 'dtuppero8', 2),
        (874, 805, 'gVXgEVYqG92', 'pmeasureso9', 3),
        (875, 295, '0fFq9wCfEf', 'skneeoa', 1),
        (876, 266, 'OCRrdrpid1T', 'dtaschob', 3),
        (877, 80, 'lDheOOkftx', 'bmaffioc', 2),
        (878, 828, 'swzPT9', 'ssuermeierod', 2),
        (879, 577, 'HYvtBxK', 'lpearmainoe', 3),
        (880, 510, 'l7aOFv4nt8', 'meskrietof', 1),
        (881, 613, '4NPvtdl', 'agoningog', 2),
        (882, 228, 'XxRHBwWA', 'cdoudoh', 2),
        (883, 699, 'onmkKFRi9MU4', 'fahrensoi', 3),
        (884, 176, 'TnzWIST5ogpJ', 'ashevlinoj', 2),
        (885, 565, 'RqZKY16pEFEt', 'cleportok', 2),
        (886, 484, 'cQZjP9Fh2iR', 'imcgreilol', 3),
        (887, 612, 'oc8N43Qbi', 'hstradlingom', 2),
        (888, 258, 'LPXVRKOEQ', 'mritsonon', 3),
        (889, 569, 'eHHBgMUV97vF', 'rbernardinellioo', 1),
        (890, 708, 'S92x3afGH3x', 'kfitzsymonop', 2),
        (891, 427, '5W31KIqz', 'ebunsonoq', 2),
        (892, 746, 'H1ag436Ky', 'rtwaitsor', 3),
        (893, 482, '0juifH6v', 'sbillettos', 1),
        (894, 56, 'rpuD3mDvN', 'klackemannot', 3),
        (895, 574, 'yDtLrao15dl', 'cwilloxou', 2),
        (896, 601, 'olf4J3LG1', 'ghartfieldov', 2),
        (897, 10, 'oWQae8QZPQ', 'obelvardow', 1),
        (898, 168, '1PkVvolL', 'mmottleyox', 2),
        (899, 426, 'mGIsMtJu', 'cmatelaitisoy', 2),
        (900, 807, 'lZdpTrZ', 'celiesoz', 3),
        (901, 929, 'tvW7SiNF', 'tpickworthp0', 1),
        (902, 963, 'uz2eQMWygyLA', 'mkivelhanp1', 1),
        (903, 973, 'X65CBWzi8', 'bolfertp2', 1),
        (904, 791, 'kLgw5aJit', 'ggorhamp3', 1),
        (905, 778, 'OaitsPxC3JxM', 'semblinp4', 2),
        (906, 393, 'LoRZlAC', 'aemmisonp5', 3),
        (907, 939, 'NKSJh9q', 'abirkbeckp6', 1),
        (908, 262, '1o4hCpo', 'tnanop7', 3),
        (909, 748, 'uoZnUQ6j', 'cstrathmanp8', 2),
        (910, 591, 'Cew1b0sXls7q', 'ldarnboroughp9', 2),
        (911, 704, 'ObsFhSg', 'npenkethpa', 2),
        (912, 321, 'yzTNouaA', 'gmacbethpb', 3),
        (913, 377, 'aMzZ4A', 'bflanaganpc', 1),
        (914, 93, 'ZwvXs4aR', 'mhoolaghanpd', 2),
        (915, 440, 'SuNLtjz', 'hpennipe', 3),
        (916, 796, 'mOj8GrTD', 'fficklingpf', 3),
        (917, 207, 'cSExtoxVU', 'jjeckellpg', 1),
        (918, 931, 'WhQuxG', 'rnardrupph', 2),
        (919, 764, 'zbvoit2fud1a', 'cdunleapi', 1),
        (920, 276, 'qAp2SLLr4', 'ccaseripj', 3),
        (921, 781, 'tbWovBevY', 'apateypk', 2),
        (922, 828, 'cHC4vheSEJQw', 'mfurzepl', 2),
        (923, 864, 'Gk80yDTZ', 'gcouchepm', 2),
        (924, 131, '7eArhQdyhyO', 'ocarmelpn', 1),
        (925, 39, '1A14sY', 'rhelleckaspo', 3),
        (926, 536, 'xp0VTd2', 'pgilfoylepp', 2),
        (927, 909, 'iajvC9', 'evaterpq', 2),
        (928, 475, 'TW0maSuRR', 'slawdhampr', 3),
        (929, 929, 'DSttIP3', 'rclarisps', 3),
        (930, 57, 'kCjbQD66aq', 'dmandellpt', 1),
        (931, 633, 'egEhiq', 'ephilippspu', 1),
        (932, 612, 'WIhtOMM', 'ehectorpv', 1),
        (933, 231, 'z7TKqoyH', 'rcraddypw', 2),
        (934, 850, 'KXuvyJ', 'cdragonpx', 2),
        (935, 776, 'a2Ma2zsyOML', 'cduckettpy', 3),
        (936, 802, 'f6gKfQK', 'lhadinghampz', 2),
        (937, 497, 'uutCuC', 'dkynderq0', 2),
        (938, 829, 'NgHWyr', 'gphearq1', 3),
        (939, 451, '07aWgvlJsgV', 'jaimq2', 1),
        (940, 541, 'ZC5E3BhUb', 'eloaldayq3', 3),
        (941, 532, 'qDWKSRzN', 'jlovettq4', 1),
        (942, 942, 'YKFZFPo', 'amacaneq5', 1),
        (943, 665, 'MQFXh8Ozs', 'glonsdaleq6', 2),
        (944, 261, 'G2LLNiB', 'jcollyearq7', 3),
        (945, 478, 'PoNky5UXsnr', 'gdochartyq8', 1),
        (946, 513, 'ENI37azhjR', 'mpoelq9', 1),
        (947, 930, 'WFl4Nob', 'leddisforthqa', 1),
        (948, 933, 'f1RgCAW9H', 'aickovqb', 1),
        (949, 651, 'dBMH2chFE', 'sgyppsqc', 3),
        (950, 69, 'm6vNuc8M', 'amyringqd', 3),
        (951, 703, 'F0tVOYf9eP', 'bradbournqe', 3),
        (952, 467, 'cVKTfrJD', 'mkimberleyqf', 1),
        (953, 72, 'AznbAxHoBZ', 'cleverqg', 3),
        (954, 807, 'HHIISjTW7l', 'ctomovicqh', 1),
        (955, 873, 'q9EA2NZWM', 'ltumpaneqi', 1),
        (956, 455, '4EwIFe', 'ahalliwellqj', 2),
        (957, 290, 'YypQgPylWHLx', 'gcoselyqk', 1),
        (958, 512, 'QX1ZiD', 'raersql', 3),
        (959, 277, 'ZOdUydGpCCm', 'fheritegeqm', 1),
        (960, 88, 'khx7GwsQrc', 'ddickinsqn', 3),
        (961, 214, 'F6Jikq7mjGpC', 'gbruynsqo', 1),
        (962, 219, 'smKThIpyC', 'branahanqp', 1),
        (963, 727, 'jHDf58kWT', 'nlavigneqq', 3),
        (964, 43, 'HbDy7YOiVUHV', 'icoldridgeqr', 1),
        (965, 694, '7G6mYOWT1', 'hpuckringqs', 1),
        (966, 55, '2rhwJraLOMJX', 'dmarzeleqt', 2),
        (967, 597, 'D8UjS82QZiQr', 'ecucinottaqu', 1),
        (968, 7, '49ojZgOTe', 'ewarreqv', 3),
        (969, 91, 'ersOnMgjJCw', 'pdziwiszqw', 2),
        (970, 134, 'q80Tb8fWYHp0', 'jtuberfieldqx', 1),
        (971, 188, 'wSGpVL', 'dpindredqy', 1),
        (972, 497, '7KrX8GRHC', 'jfosterqz', 2),
        (973, 852, 'VAUPFpx4gpYP', 'sbranfordr0', 3),
        (974, 954, 'Ol8LoZQNUyQs', 'kheadonr1', 2),
        (975, 702, '8MJjCDQMR8', 'zsatcherr2', 1),
        (976, 140, 'JQCPXVNce', 'gmansellr3', 2),
        (977, 999, 'IUn02ZaKO', 'rcretneyr4', 2),
        (978, 661, 'ZrlCrAXdIhS8', 'mferronr5', 3),
        (979, 954, 'bzjb0zbIe7aB', 'todohertyr6', 2),
        (980, 788, 'KMfGb7wKl', 'bthewsr7', 2),
        (981, 377, 'OsRxOz', 'vkobierzyckir8', 1),
        (982, 469, 'RerNRQPO42ec', 'ochasemoorer9', 3),
        (983, 428, 'Owh2eDuL', 'rnorthleighra', 1),
        (984, 30, 'GvG0KBRl', 'lbrennonrb', 3),
        (985, 557, 'pQskOZJ', 'cchateletrc', 3),
        (986, 523, 'dEanP4tZCs', 'ifroggattrd', 2),
        (987, 323, 'iS2wKdnWjxjI', 'tortigerre', 1),
        (988, 874, 'fOuIVQg1dI0b', 'nwalcarrf', 3),
        (989, 481, 'aekFL0zL', 'lillingsworthrg', 3),
        (990, 142, 'ihGdG94', 'jhugganrh', 2),
        (991, 748, 'V7X5iSB4R', 'ttomikri', 3),
        (992, 600, 'tQ29Yrv6dj', 'cpollerrj', 2),
        (993, 317, 'bAnqGy', 'hblinderk', 1),
        (994, 287, 'vOYVxQ', 'ystitlerl', 1),
        (995, 629, 'tlo2Kt0qUuk', 'kgibbinsrm', 1),
        (996, 152, 'd9lXFS', 'cmandersrn', 3),
        (997, 763, 'dRG4WtX8v', 'kahernero', 1),
        (998, 708, 'ES9qXC6R', 'jmcphilemyrp', 3),
        (999, 72, 'xReeBjUtF', 'jtreadgallrq', 2),
        (1000, 709, 'QhVSl39', 'coglassanerr', 2);